Active,Category,Item Name,Rarity,Colorable,Faction,Default Color,Sources,Item ID,Icon ID,Editor Icon ID,Wardrobe Icon ID,Status,Description,Game Tokens,Coin Price,Premium Pricce,Dollar Price
TRUE,Accessory,Banana,Common,,,,,accessory_banana,mcc:island_cosmetics.accessory.banana,,,Complete,A giant banana in your hand.,5,"3,750",50,$1.00
TRUE,Accessory,Beam Sword,Rare,TRUE,,#fd1100,,accessory_beam_sword,mcc:island_cosmetics.accessory.beam_sword,,,Complete,[You hold in your hand\nA sword that shoots laser beams.],20,"14,625",150,$3.00
FALSE,Accessory,Bear Paw,Rare,,,,,,,,,None,Stick your hand in a giant bear's paw. The paw fits over your whole hand like a glove.,20,"14,625",150,$3.00
FALSE,Accessory,Blank Flag,Common,,,,,,,,,None,A small black stick with a triangular white flag that can be recolored.,5,"3,750",50,$1.00
TRUE,Accessory,Blockle Tea,Common,TRUE,,#ffa5a5,default,accessory_blockle_tea,mcc:island_cosmetics.accessory.blockle_tea,,,Complete,"[A sweet, milky beverage hand-crafted by Bea herself]",5,"3,750",50,$1.00
TRUE,Accessory,Bone,Common,,,,,accessory_bone,mcc:island_cosmetics.accessory.bone,,,Complete,[Fetch!],5,"3,750",50,$1.00
TRUE,Accessory,Boombox,Epic,TRUE,,#FF4E94,,accessory_boombox,mcc:island_cosmetics.accessory.boombox,,,Complete,A boombox,50,"33,750",300,$6.00
FALSE,Accessory,Bouquet,Uncommon,,,,,,,,,None,A collection of flowers including roses.,10,"5,625",75,$1.50
TRUE,Accessory,Briefcase,Uncommon,,,,,accessory_cash_filled_briefcase,mcc:island_cosmetics.accessory.cash_filled_briefcase,,,Complete,[To keep it brief.. It's a case.],10,"5,625",75,$1.50
TRUE,Accessory,Burger,Common,,,,,accessory_burger,mcc:island_cosmetics.accessory.burger,,,Complete,"[Burgers But Fast, on the go!]",5,"3,750",50,$1.00
TRUE,Accessory,Camera,Uncommon,TRUE,,#515151,,accessory_camera,mcc:island_cosmetics.accessory.camera,,,Complete,[Smile! You're on camera.],10,"5,625",75,$1.50
FALSE,Accessory,Ceremonial Dagger,Common,,,,,,,,,None,"A dagger with a gem'd pommel. If possible, held edge-down (reverse grip).",5,"3,750",50,$1.00
TRUE,Accessory,Chainsaw Hand,Epic,TRUE,,#FF2F2F,,accessory_chainsaw_hand,mcc:island_cosmetics.accessory.chainsaw_hand,,,Complete,[Groovy!],50,"33,750",300,$6.00
FALSE,Accessory,Classy Cane,Common,,,,,,,,,None,"Nice, polished wood cane with an elegant curve. Traditional old man cane.",5,"3,750",50,$1.00
FALSE,Accessory,Cleaver,Uncommon,,,,,,,,,None,Butcher's Cleaver as used by a butcher to carve meat.,10,"5,625",75,$1.50
TRUE,Accessory,Coffee Mug,Rare,TRUE,,#ffffff,,accessory_coffee_mug,mcc:island_cosmetics.accessory.coffee_mug,,,Complete,White mug filled with brown coffee. Steam occasionally wafts up from the cup.,20,"14,625",150,$3.00
TRUE,Accessory,Comically Large Spoon,Common,,,,,accessory_comically_large_spoon,mcc:island_cosmetics.accessory.comically_large_spoon,,,Complete,"[It's a spoon, and it's comically large]",5,"3,750",50,$1.00
FALSE,Accessory,Crab Claw,Rare,,,,,,,,,None,Giant Crab claw replaces your off-hand. It covers your hand entirely.,20,"14,625",150,$3.00
TRUE,Accessory,Crowbar,Uncommon,TRUE,,,,accessory_crowbar,mcc:island_cosmetics.accessory.crowbar,,,Complete,[Wake up and smell the ashes...],10,"5,625",75,$1.50
TRUE,Accessory,Drill Arm,Epic,TRUE,,#FFBA30,,accessory_drill_arm,mcc:island_cosmetics.accessory.drill_arm,,,Complete,My drill (arm) shall pierce the championship!,50,"33,750",300,$6.00
TRUE,Accessory,Faction Flag,Uncommon,,TRUE,,,accessory_faction_flag_improved,mcc:island_cosmetics.accessory_faction.flag_improved,,,Complete,,10,"5,625",75,$1.50
TRUE,Accessory,Fairy Wand,Rare,TRUE,,#E85FD1,,accessory_fairy_wand,mcc:island_cosmetics.accessory.fairy_wand,,,Complete,Magic wand that mighe be used by a wizard (magic not included). Simple and wooden.,20,"14,625",150,$3.00
TRUE,Accessory,Fire Fist,Epic,,,,default,accessory_fire_fist,mcc:island_cosmetics.accessory.fire_fist,,,Complete,[Hadouken!],50,"33,750",300,$6.00
FALSE,Accessory,Foam Finger,Common,,,,,,,,,None,"A large, red foam finger with the inscription ""#1"" displayed on its side.",5,"3,750",50,$1.00
TRUE,Accessory,Football Shoulder Pad,Uncommon,TRUE,,#FF2F2F,,accessory_football_shoulder_pad,mcc:island_cosmetics.accessory.football_shoulder_pad,,,Complete,[You'll need protection out on the field.],10,"5,625",75,$1.50
TRUE,Accessory,Frying Pan,Uncommon,,,,,accessory_frying_pan,mcc:island_cosmetics.accessory.frying_pan,,,Complete,,10,"5,625",75,$1.50
TRUE,Accessory,Gauntlet,Rare,TRUE,,#4f5056,,accessory_gauntlet,mcc:island_cosmetics.accessory.gauntlet,,,Complete,[Aw Snap!],20,"14,625",150,$3.00
TRUE,Accessory,Hair Dryer,Common,TRUE,,#E85FD1,,accessory_hair_dryer,mcc:island_cosmetics.accessory.hair_dryer,,,Complete,Hair Dryer,5,"3,750",50,$1.00
TRUE,Accessory,Hot Dog,Common,,,,,accessory_hot_dog,mcc:island_cosmetics.accessory.hot_dog,,,Complete,[Is it a sandwich? Or a taco?],5,"3,750",50,$1.00
TRUE,Accessory,Knight Shield,Rare,TRUE,,#2383ec,,accessory_knight_shield,mcc:island_cosmetics.accessory.knight_shield,,,Complete,A medieval era Knight Shield [,20,"14,625",150,$3.00
TRUE,Accessory,Lantern,Epic,TRUE,,#6e6654,,accessory_lantern,mcc:island_cosmetics.accessory.lantern,,,Complete,A lantern dangles from your grip and shines light around the player.,50,"33,750",300,$6.00
TRUE,Accessory,Magician's Wand,Uncommon,,,,,accessory_magicians_wand,mcc:island_cosmetics.accessory.magicians_wand,,,Complete,[Abracadabra!],10,"5,625",75,$1.50
TRUE,Accessory,Magnifying Glass,Common,,,,,accessory_magnifying_glass,mcc:island_cosmetics.accessory.magnifying_glass,,,Complete,Magnifying Glass,5,"3,750",50,$1.00
FALSE,Accessory,Megaphone,Common,,,,,,,,,None,A white megaphone with a red back and outline.,5,"3,750",50,$1.00
FALSE,Accessory,Microphone,Common,,,,,,,,,None,[Boots and cats!],5,"3,750",50,$1.00
TRUE,Accessory,Money Bag,Rare,,,,,accessory_money_bag,mcc:island_cosmetics.accessory.money_bag,,,Complete,Hold a sack of cash with a dollar sign emblazoned on the side. It hangs under your grip.,20,"14,625",150,$3.00
FALSE,Accessory,Monster from the Ice,Legendary,,,,,,,,,None,"A small, blue worm held in the player's offhand. The creature has a toothy maw and is an identical creature to that from Noxcrew's ""Monsters from the Ice"" map.",100,"108,000",600,$12.00
FALSE,Accessory,Offhand Crown,Epic,,,,,,,,,None,Hold a shiny crown in your off-hand.,50,"33,750",300,$6.00
FALSE,Accessory,Oven Mitt,Common,,,,,,,,,None,"[Ouch, too hot!]",5,"3,750",50,$1.00
TRUE,Accessory,Paint Palette,Rare,,,,,accessory_paint_palette,mcc:island_cosmetics.accessory.paint_palette,,,Complete,[All the colors you need to paint happy little trees!],20,"14,625",150,$3.00
TRUE,Accessory,Paintbrush,Uncommon,TRUE,,#5FC234,,accessory_paintbrush,mcc:island_cosmetics.accessory.paintbrush,,,Complete,[Paint the town red.],10,"5,625",75,$1.50
TRUE,Accessory,Paper Umbrella,Legendary,TRUE,,#ff96d2,default,accessory_paper_umbrella,mcc:island_cosmetics.accessory.paper_umbrella,,,Complete,,100,"108,000",600,$12.00
TRUE,Accessory,Pipe Wrench,Common,TRUE,,#FF2F2F,,accessory_pipe_wrench,mcc:island_cosmetics.accessory.pipe_wrench,,,Complete,[Belonged to some Italian plumber],5,"3,750",50,$1.00
TRUE,Accessory,Pizza Slice,Common,,,,,accessory_pizza_slice,mcc:island_cosmetics.accessory.pizza_slice,,,Complete,[Cowabunga!],5,"3,750",50,$1.00
TRUE,Accessory,Plague Doctor Staff,Rare,,,,,accessory_plague_doctor_staff,mcc:island_cosmetics.accessory.plague_doctor_staff,,,Complete,,20,"14,625",150,$3.00
TRUE,Accessory,Planetary Projector,Epic,TRUE,,#c78cff,default,accessory_planetary_projector,mcc:island_cosmetics.accessory.planetary_projector,,,Complete,,50,"33,750",300,$6.00
TRUE,Accessory,Playing Cards,Uncommon,,,,,accessory_playing_cards,mcc:island_cosmetics.accessory.playing_cards,,,Complete,Playing cards,10,"5,625",75,$1.50
TRUE,Accessory,Police Baton,Uncommon,,,,,accessory_police_baton,mcc:island_cosmetics.accessory.police_baton,,,Complete,"['Ello 'ello, what's all this then?]",10,"5,625",75,$1.50
FALSE,Accessory,Pom Pom,Uncommon,,,,,,,,,None,A plain white cheerleader's pom pom that completely covers the hand. Can be recolored so that the player can support any faction with it.,10,"5,625",75,$1.50
TRUE,Accessory,Popsicle,Common,TRUE,,#a3ea00,default,accessory_popsicle,mcc:island_cosmetics.accessory.popsicle,,,Complete,,5,"3,750",50,$1.00
FALSE,Accessory,Poseidon's Trident,Legendary,,,,,accessory_poseidons_trident,mcc:island_cosmetics.accessory.poseidons_trident,,,None,[Recovered from Atlantis!],100,"108,000",600,$12.00
FALSE,Accessory,Preppy Flag,Uncommon,,,,,,,,,None,Small flag with 'MCC' written on it.,10,"5,625",75,$1.50
FALSE,Accessory,Red Trophy,Legendary,,,,,,,,,In Progress,A red trophy with an N on top (for Noxcrew). Awarded as a Beta present for making any purchase.,100,"108,000",600,$12.00
TRUE,Accessory,Robot Arm,Uncommon,,,,default,accessory_robot_arm,mcc:island_cosmetics.accessory.robot_arm,,,Complete,A mechanical Robot Claw,10,"5,625",75,$1.50
TRUE,Accessory,Rose,Common,TRUE,,,,accessory_rose,mcc:island_cosmetics.accessory.rose,,,Complete,A single rose flower.,5,"3,750",50,$1.00
TRUE,Accessory,Sai,Rare,TRUE,,#e54545,,accessory_sai,mcc:island_cosmetics.accessory.sai,,,Complete,,20,"14,625",150,$3.00
TRUE,Accessory,Selfie Stick,Rare,,,,,accessory_selfie_stick,mcc:island_cosmetics.accessory.selfie_stick,,,Complete,A smartphone mounted on a stick,20,"14,625",150,$3.00
TRUE,Accessory,Skateboard,Rare,TRUE,,#8fce00,,accessory_skateboard,mcc:island_cosmetics.accessory.skateboard,,,Complete,A Skateboard being held under the arm,20,"14,625",150,$3.00
TRUE,Accessory,Slushy,Common,TRUE,,#04e3fa,,accessory_slushy,mcc:island_cosmetics.accessory.slushy,,,Complete,,5,"3,750",50,$1.00
TRUE,Accessory,Sparkler,Rare,,,,default,accessory_sparkler,mcc:island_cosmetics.accessory.sparkler,,,Complete,,20,"14,625",150,$3.00
TRUE,Accessory,Spell Shield,Legendary,TRUE,,#ffed8b,default,accessory_spell_shield,mcc:island_cosmetics.accessory.spell_shield,,,Complete,[Conjure a mystical shield out of thin air!],100,"108,000",600,$12.00
TRUE,Accessory,Star Shield,Epic,TRUE,,#40a1ff,,accessory_star_shield,mcc:island_cosmetics.accessory.star_shield,,,Complete,[Assemble!],50,"33,750",300,$6.00
TRUE,Accessory,Stick,Common,,,,,accessory_stick,mcc:island_cosmetics.accessory.stick,,,Complete,A long branch with leaves still attached,5,"3,750",50,$1.00
TRUE,Accessory,Surfboard,Rare,TRUE,,#fdb608,default,accessory_surfboard,mcc:island_cosmetics.accessory.surfboard,,,Complete,"[Woah dude, that's like, totally tubular bro!]",20,"14,625",150,$3.00
FALSE,Accessory,Tentacle Arm,Epic,,,,,,,,,None,Make your whole off-hand arm look like an animated octopus tentacle. Or that of some eldritch abomination.,50,"33,750",300,$6.00
TRUE,Accessory,Trash Can Lid,Common,,,,,accessory_trash_can_lid,mcc:island_cosmetics.accessory.trash_can_lid,,,Complete,[I can do this all day],5,"3,750",50,$1.00
FALSE,Accessory,TV Remote,Uncommon,,,,,,,,,None,[Now we're channel surfing!],10,"5,625",75,$1.50
TRUE,Accessory,Viking Shield,Rare,TRUE,,#ef3141,,accessory_viking_shield,mcc:island_cosmetics.accessory.viking_shield,,,Complete,,20,"14,625",150,$3.00
FALSE,Accessory,Winner's Coin,,,,,,,,,,None,,,,,
TRUE,Accessory,Wizard Staff,Rare,TRUE,,#19d6ff,default,accessory_wizard_staff,mcc:island_cosmetics.accessory.wizard_staff,,,Complete,[Ponder the Orb..],20,"14,625",150,$3.00
TRUE,Accessory,Wormhole Blaster,Epic,TRUE,,#4FDCFF,,accessory_wormhole_blaster,mcc:island_cosmetics.accessory.wormhole_blaster,,,Complete,[A colorful method of transportation],50,"33,750",300,$6.00
TRUE,Accessory,Boxing Glove,Uncommon,TRUE,,#ff473a,default,accessory_boxing_glove,mcc:island_cosmetics.accessory.boxing_glove,,,Complete,,10,"5,625",75,$1.50
TRUE,Accessory,Spatula,Uncommon,TRUE,,#995733,default,accessory_spatula,mcc:island_cosmetics.accessory.spatula,,,Complete,,10,"5,625",75,$1.50
TRUE,Hair,Afro,Uncommon,TRUE,,,shop_barber,wardrobe_hair_afro,mcc:island_cosmetics.hair.afro,,,Complete,,10,"5,625",75,$1.50
TRUE,Hair,Amish,Uncommon,TRUE,,,shop_barber,wardrobe_hair_amish,mcc:island_cosmetics.hair.amish,,,Complete,A wreath of hawaiian flowers draped around the player's neck. Pretty pinks and blues. Given with a Welcome Bundle.,10,"5,625",75,$1.50
TRUE,Hair,Anime,Rare,TRUE,,,shop_barber,wardrobe_hair_anime,mcc:island_cosmetics.hair.anime,,,Complete,,20,"14,625",150,$3.00
TRUE,Hair,Bangs,Common,TRUE,,,shop_barber,wardrobe_hair_bangs,mcc:island_cosmetics.hair.bangs,,,Complete,,5,"3,750",50,$1.00
TRUE,Hair,Barbarian,Rare,TRUE,,,shop_barber,wardrobe_hair_barbarian,mcc:island_cosmetics.hair.barbarian,,,Complete,,20,"14,625",150,$3.00
TRUE,Hair,Basic,Common,TRUE,,,default,wardrobe_hair_basic,mcc:island_cosmetics.hair.basic,,,Complete,,5,"3,750",50,$1.00
TRUE,Hair,Beehive,Epic,TRUE,,,shop_barber,wardrobe_hair_beehive,mcc:island_cosmetics.hair.beehive,,,Complete,,50,"33,750",300,$6.00
TRUE,Hair,Beetle,Common,TRUE,,,shop_barber,wardrobe_hair_beetle,mcc:island_cosmetics.hair.beetle,,,Complete,,5,"3,750",50,$1.00
TRUE,Hair,Bob,Uncommon,TRUE,,,shop_barber,wardrobe_hair_bob,mcc:island_cosmetics.hair.bob,,,Complete,,10,"5,625",75,$1.50
TRUE,Hair,Braid,Common,TRUE,,,shop_barber,wardrobe_hair_braid,mcc:island_cosmetics.hair.braid,,,Complete,,5,"3,750",50,$1.00
TRUE,Hair,Bun,Common,TRUE,,,default,wardrobe_hair_bun,mcc:island_cosmetics.hair.bun,,,Complete,,5,"3,750",50,$1.00
TRUE,Hair,Cornrows,Common,TRUE,,,shop_barber,wardrobe_hair_cornrows,mcc:island_cosmetics.hair.cornrows,,,Complete,,5,"3,750",50,$1.00
TRUE,Hair,Curly,Common,TRUE,,,shop_barber,wardrobe_hair_curly,mcc:island_cosmetics.hair.curly,,,Complete,,5,"3,750",50,$1.00
TRUE,Hair,Dad,Uncommon,TRUE,,,shop_barber,wardrobe_hair_dad,mcc:island_cosmetics.hair.dad,,,Complete,,10,"5,625",75,$1.50
TRUE,Hair,Dreadlocks,Uncommon,TRUE,,,shop_barber,wardrobe_hair_dreadlocks,mcc:island_cosmetics.hair.dreadlocks,,,Complete,,10,"5,625",75,$1.50
TRUE,Hair,Elder,Uncommon,TRUE,,,shop_barber,wardrobe_hair_elder,mcc:island_cosmetics.hair.elder,,,Complete,,10,"5,625",75,$1.50
TRUE,Hair,Elvis,Uncommon,TRUE,,,shop_barber,wardrobe_hair_elvis,mcc:island_cosmetics.hair.elvis,,,Complete,,10,"5,625",75,$1.50
TRUE,Hair,Emo,Uncommon,TRUE,,,shop_barber,wardrobe_hair_emo,mcc:island_cosmetics.hair.emo,,,Complete,,10,"5,625",75,$1.50
TRUE,Hair,Fade,Common,TRUE,,,default,wardrobe_hair_fade,mcc:island_cosmetics.hair.fade,,,Complete,,5,"3,750",50,$1.00
TRUE,Hair,Free Spirit,Rare,TRUE,,,shop_barber,wardrobe_hair_free_spirit,mcc:island_cosmetics.hair.free_spirit,,,Complete,,20,"14,625",150,$3.00
TRUE,Hair,Full Beard,Uncommon,TRUE,,,shop_barber,wardrobe_hair_full_beard,mcc:island_cosmetics.hair.full_beard,,,Complete,,10,"5,625",75,$1.50
TRUE,Hair,Goatee,Common,TRUE,,,shop_barber,wardrobe_hair_goatee,mcc:island_cosmetics.hair.goatee,,,Complete,,5,"3,750",50,$1.00
TRUE,Hair,Groundskeeper,Rare,TRUE,,,shop_barber,wardrobe_hair_groundskeeper,mcc:island_cosmetics.hair.groundskeeper,,,Complete,,20,"14,625",150,$3.00
TRUE,Hair,Handlebar Moustache,Uncommon,TRUE,,,shop_barber,wardrobe_hair_handlebar,mcc:island_cosmetics.hair.handlebar,,,Complete,,10,"5,625",75,$1.50
TRUE,Hair,High Top,Common,TRUE,,,shop_barber,wardrobe_hair_high_top,mcc:island_cosmetics.hair.high_top,,,Complete,,5,"3,750",50,$1.00
TRUE,Hair,Hipster,Rare,TRUE,,,shop_barber,wardrobe_hair_hipster,mcc:island_cosmetics.hair.hipster,,,Complete,,20,"14,625",150,$3.00
TRUE,Hair,Hogan,Uncommon,TRUE,,,shop_barber,wardrobe_hair_hogan,mcc:island_cosmetics.hair.hogan,,,Complete,,10,"5,625",75,$1.50
TRUE,Hair,Homeless,Rare,TRUE,,,shop_barber,wardrobe_hair_homeless,mcc:island_cosmetics.hair.homeless,,,Complete,,20,"14,625",150,$3.00
TRUE,Hair,Judge,Rare,TRUE,,,shop_barber,wardrobe_hair_judge,mcc:island_cosmetics.hair.judge,,,Complete,,20,"14,625",150,$3.00
TRUE,Hair,Long Sleek Hair,Common,TRUE,,,default,wardrobe_hair_long_sleek_hair,mcc:island_cosmetics.hair.long_sleek_hair,,,Complete,,5,"3,750",50,$1.00
TRUE,Hair,Mohawk,Rare,TRUE,,,shop_barber,wardrobe_hair_mohawk,mcc:island_cosmetics.hair.mohawk,,,Complete,,20,"14,625",150,$3.00
TRUE,Hair,Monk,Uncommon,TRUE,,,shop_barber,wardrobe_hair_monk,mcc:island_cosmetics.hair.monk,,,Complete,,10,"5,625",75,$1.50
TRUE,Hair,Mutton Chops,Rare,TRUE,,,shop_barber,wardrobe_hair_mutton_chops,mcc:island_cosmetics.hair.mutton_chops,,,Complete,,20,"14,625",150,$3.00
TRUE,Hair,Noxstache,Legendary,TRUE,,,shop_barber,wardrobe_hair_noxstache,mcc:island_cosmetics.hair.noxstache,,,Complete,,100,"108,000",600,$12.00
TRUE,Hair,Palm Tree,Epic,TRUE,,,shop_barber,wardrobe_hair_palm_tree,mcc:island_cosmetics.hair.palm_tree,,,Complete,,50,"33,750",300,$6.00
TRUE,Hair,Pigtails,Common,TRUE,,,shop_barber,wardrobe_hair_pigtails,mcc:island_cosmetics.hair.pigtails,,,Complete,,5,"3,750",50,$1.00
TRUE,Hair,Ponytail,Common,TRUE,,,shop_barber,wardrobe_hair_ponytail,mcc:island_cosmetics.hair.ponytail,,,Complete,,5,"3,750",50,$1.00
TRUE,Hair,Prince Charming,Uncommon,TRUE,,,shop_barber,wardrobe_hair_prince_charming,mcc:island_cosmetics.hair.prince_charming,,,Complete,,10,"5,625",75,$1.50
TRUE,Hair,Princess,Epic,TRUE,,,shop_barber,wardrobe_hair_princess,mcc:island_cosmetics.hair.princess,,,Complete,,50,"33,750",300,$6.00
TRUE,Hair,Professor,Epic,TRUE,,,shop_barber,wardrobe_hair_professor,mcc:island_cosmetics.hair.professor,,,Complete,,50,"33,750",300,$6.00
TRUE,Hair,Rat Tail,Common,TRUE,,,shop_barber,wardrobe_hair_rat_tail,mcc:island_cosmetics.hair.rat_tail,,,Complete,,5,"3,750",50,$1.00
TRUE,Hair,Schrute,Uncommon,TRUE,,,shop_barber,wardrobe_hair_schrute,mcc:island_cosmetics.hair.schrute,,,Complete,,10,"5,625",75,$1.50
TRUE,Hair,Soft Rocker,Epic,TRUE,,,shop_barber,wardrobe_hair_soft_rocker,mcc:island_cosmetics.hair.soft_rocker,,,Complete,,50,"33,750",300,$6.00
TRUE,Hair,Soul Patch,Common,TRUE,,,shop_barber,wardrobe_hair_soul_patch,mcc:island_cosmetics.hair.soul_patch,,,Complete,,5,"3,750",50,$1.00
TRUE,Hair,Spikes,Epic,TRUE,,,shop_barber,wardrobe_hair_spikes,mcc:island_cosmetics.hair.spikes,,,Complete,,50,"33,750",300,$6.00
TRUE,Hair,Twin Bun,Uncommon,TRUE,,,shop_barber,wardrobe_hair_twin_bun,mcc:island_cosmetics.hair.twin_bun,,,Complete,,10,"5,625",75,$1.50
TRUE,Hair,Undercut,Common,TRUE,,,default,wardrobe_hair_undercut,mcc:island_cosmetics.hair.undercut,,,Complete,,5,"3,750",50,$1.00
TRUE,Hair,Viking Beard Braids,Epic,TRUE,,,shop_barber,wardrobe_hair_viking_beard,mcc:island_cosmetics.hair.viking_beard,,,Complete,,50,"33,750",300,$6.00
TRUE,Hair,Vintage,Uncommon,TRUE,,,shop_barber,wardrobe_hair_vintage,mcc:island_cosmetics.hair.vintage,,,Complete,,10,"5,625",75,$1.50
TRUE,Hair,Wavy,Common,TRUE,,,shop_barber,wardrobe_hair_wavy,mcc:island_cosmetics.hair.wavy,,,Complete,,5,"3,750",50,$1.00
TRUE,Hair,Wednesday,Uncommon,TRUE,,,shop_barber,wardrobe_hair_wednesday,mcc:island_cosmetics.hair.wednesday,,,Complete,,10,"5,625",75,$1.50
TRUE,Hair,Wizard Beard,Rare,TRUE,,,,wardrobe_hair_wizard_beard,mcc:island_cosmetics.hair.wizard_beard,,,Complete,,20,"14,625",150,$3.00
TRUE,Hat,3D Glasses,Common,,,,default,wardrobe_hat_3d_glasses,mcc:island_cosmetics.hat.3d_glasses,,,Complete,,5,"3,750",50,$1.00
TRUE,Hat,8-Ball,Uncommon,,,,default,wardrobe_hat_8_ball,mcc:island_cosmetics.hat.8_ball,,,Complete,[Outlook good.],10,"5,625",75,$1.50
TRUE,Hat,Army Helmet,Uncommon,,,,,wardrobe_hat_army_helmet,mcc:island_cosmetics.hat.army_helmet,,,Complete,[Duck and cover!],10,"5,625",75,$1.50
TRUE,Hat,Astronaut Helmet,Rare,TRUE,,#FF4D0D,,wardrobe_hat_astronaut_helmet,mcc:island_cosmetics.hat.astronaut_helmet,,,Complete,[One small step is all it takes],20,"14,625",150,$3.00
TRUE,Hat,Banana Head,Legendary,,,,,wardrobe_hat_banana_hat,mcc:island_cosmetics.hat.banana_hat,,,Complete,[Behold! For I am Potassium-Man!],100,"108,000",600,$12.00
TRUE,Hat,Bandana,Common,TRUE,,#F7391B,,wardrobe_hat_bandana,mcc:island_cosmetics.hat.bandana,,,Complete,"A red bandana around the head. Think Rambo. [Don't push it, or I'll give you rivalry you won't believe.]",5,"3,750",50,$1.00
TRUE,Hat,Beanie,Common,TRUE,,#00c4d7,,wardrobe_hat_beanie,mcc:island_cosmetics.hat.beanie,,,Complete,[A staple of warm headwear],5,"3,750",50,$1.00
TRUE,Hat,Beret,Common,TRUE,,#5F5B63,,wardrobe_hat_beret,mcc:island_cosmetics.hat.beret,,,Complete,"A black beret with a small red puff on the top. [Popular among mimes, hide-and-seek enthusiasts, and the French.]",5,"3,750",50,$1.00
TRUE,Hat,Boater,Common,TRUE,,#5c75ff,,wardrobe_hat_boater,mcc:island_cosmetics.hat.boater,,,Complete,[I feel a song coming on!],5,"3,750",50,$1.00
TRUE,Hat,Bucket Hat,Common,TRUE,,#FF903B,,wardrobe_hat_bucket_hat,mcc:island_cosmetics.hat.bucket_hat,,,Complete,[*Does not hold water],5,"3,750",50,$1.00
TRUE,Hat,Burger Head,Rare,,,,,wardrobe_hat_burger_head,mcc:island_cosmetics.hat.burger_head,,,Complete,[Mmm.. Burger],20,"14,625",150,$3.00
TRUE,Hat,Cardboard Box,Uncommon,,,,default,wardrobe_hat_cardboard_box,mcc:island_cosmetics.hat.cardboard_box,,,Complete,[It's not just a box..],10,"5,625",75,$1.50
TRUE,Hat,Cat Ears,Uncommon,,,,,wardrobe_hat_cat_ears,mcc:island_cosmetics.hat.cat_ears,,,Complete,[Meow?],10,"5,625",75,$1.50
TRUE,Hat,Chef's Hat,Common,TRUE,,#F7391B,,wardrobe_hat_chefs_hat,mcc:island_cosmetics.hat.chefs_hat,,,Complete,"[What's cookin, good lookin?]",5,"3,750",50,$1.00
TRUE,Hat,Chicken Head,Rare,,,,,wardrobe_hat_chicken_head,mcc:island_cosmetics.hat.chicken_head,,,Complete,[No longer headless!],20,"14,625",150,$3.00
TRUE,Hat,Computer Head,Legendary,TRUE,,#B1FF00,,wardrobe_hat_computer_head,mcc:island_cosmetics.hat.computer_head,,,Complete,[HELLO WORLD],100,"108,000",600,$12.00
TRUE,Hat,Shades,Common,TRUE,,,,wardrobe_hat_shades,mcc:island_cosmetics.hat.shades,,,Complete,,5,"3,750",50,$1.00
TRUE,Hat,Crusader,Rare,,,,,wardrobe_hat_crusader,mcc:island_cosmetics.hat.crusader,,,Complete,['tis but a scratch!],20,"14,625",150,$3.00
TRUE,Hat,Cthulu's Head,Epic,,,,,wardrobe_hat_cthulus_head,mcc:island_cosmetics.hat.cthulus_head,,,Complete,A mass of tentacles spewing from the player's head. Maybe bat ears on the side of the head. [Ph'nglui mglw'nafh Bloc'kulu MCC Island wgah'nagl fhtagn],50,"33,750",300,$6.00
TRUE,Hat,Decision Dome Jr.,Legendary,,,,default,wardrobe_hat_decision_dome_jr,mcc:island_cosmetics.hat.decision_dome_jr,,,Complete,,100,"108,000",600,$12.00
TRUE,Hat,Detective,Common,,,,,wardrobe_hat_detective,mcc:island_cosmetics.hat.detective,,,Complete,A cheshire cap like a certain Holmes might wear. [Someone stole the detective's hat; but he's on the case!],5,"3,750",50,$1.00
TRUE,Hat,Wicked Horns,Uncommon,TRUE,,#d2374b,,wardrobe_hat_wicked_horns,mcc:island_cosmetics.hat.wicked_horns,,,Complete,[For when you're feeling rather evil.],10,"5,625",75,$1.50
TRUE,Hat,Dino,Legendary,TRUE,,#a8e751,default,wardrobe_hat_dino,mcc:island_cosmetics.hat.dino,,,Complete,,100,"108,000",600,$12.00
TRUE,Hat,Disguise,Uncommon,,,,,wardrobe_hat_disguise,mcc:island_cosmetics.hat.disguise,,,Complete,"Classic glasses, nose and moustached disguise. Groucho Marx. [Who are you?]",10,"5,625",75,$1.50
TRUE,Hat,Drinking Helmet,Epic,TRUE,,#ff3d12,,wardrobe_hat_drinking_helmet,mcc:island_cosmetics.hat.drinking_helmet,,,Complete,"[Your favourite beverages, now hands-free]",50,"33,750",300,$6.00
TRUE,Hat,Egg Yolk,Common,,,,,wardrobe_hat_egg_yolk,mcc:island_cosmetics.hat.egg_yolk,,,Complete,[For when you just.. crack],5,"3,750",50,$1.00
TRUE,Hat,Eyeball,Epic,TRUE,,#5FC234,,wardrobe_hat_eyeball,mcc:island_cosmetics.hat.eyeball,,,Complete,[I spy with my colossal eye..],50,"33,750",300,$6.00
TRUE,Hat,Faction Beanie,Common,,TRUE,,,wardrobe_hat_faction_beanie,mcc:island_cosmetics.hat_faction.beanie,,,Complete,,5,"3,750",50,$1.00
TRUE,Hat,Faction Crown,Legendary,,TRUE,,,wardrobe_hat_faction_crown,mcc:island_cosmetics.hat_faction.crown,,,Complete,,100,"108,000",600,$12.00
TRUE,Hat,Faction Facial,Rare,,TRUE,,,wardrobe_hat_faction_facial,mcc:island_cosmetics.hat_faction.facial,,,Complete,,20,"14,625",150,$3.00
FALSE,Hat,Faction Helmet,Epic,,TRUE,,,wardrobe_hat_faction_helmet,mcc:island_cosmetics.hat_faction.helmet,,,None,,50,"33,750",300,$6.00
TRUE,Hat,Fez,Common,,,,,wardrobe_hat_fez,mcc:island_cosmetics.hat.fez,,,Complete,[Fezzes are cool.],5,"3,750",50,$1.00
TRUE,Hat,Fishbowl,Epic,TRUE,,#FF9F44,,wardrobe_hat_fishbowl,mcc:island_cosmetics.hat.fishbowl,,,Complete,[The environmental hydration unit is technologically complex and not just a glass bowl.],50,"33,750",300,$6.00
TRUE,Hat,Football Helmet,Uncommon,TRUE,,#FF2F2F,,wardrobe_hat_football_helmet,mcc:island_cosmetics.hat.football_helmet,,,Complete,Classic Football Helmet. [Blue! 24! Hike!],10,"5,625",75,$1.50
TRUE,Hat,Fruit Crown,Uncommon,TRUE,,,,wardrobe_hat_fruit_crown,mcc:island_cosmetics.hat.fruit_crown,,,Complete,[A champion can't be without a basket and a plethora of fruit!],10,"5,625",75,$1.50
TRUE,Hat,Gas Mask,Uncommon,TRUE,,#4a4a50,,wardrobe_hat_gas_mask,mcc:island_cosmetics.hat.gas_mask,,,Complete,[*unintelligble muffled quote*],10,"5,625",75,$1.50
TRUE,Hat,Goggles,Common,TRUE,,#784735,,wardrobe_hat_goggles,mcc:island_cosmetics.hat.goggles,,,Complete,[Perfect for mischief goblin welding!],5,"3,750",50,$1.00
TRUE,Hat,Graduate,Uncommon,,,,,wardrobe_hat_graduate,mcc:island_cosmetics.hat.graduate,,,Complete,"A black, square hat with a golden tassal to one side. [Highschool is out!]",10,"5,625",75,$1.50
TRUE,Hat,Halo,Epic,,,,default,wardrobe_hat_halo,mcc:island_cosmetics.hat.halo,,,Complete,[This Is MINECRAFT!!!],50,"33,750",300,$6.00
TRUE,Hat,Hard Hat,Common,,,#ffb500,,wardrobe_hat_hard_hat,mcc:island_cosmetics.hat.hard_hat,,,Complete,[Protecting noggins since 1882.],5,"3,750",50,$1.00
TRUE,Hat,Headphones,Common,TRUE,,#4FD673,,wardrobe_hat_headphones,mcc:island_cosmetics.hat.headphones,,,Complete,Basic Headphones [Pump up the volume to your heart's content!],5,"3,750",50,$1.00
TRUE,Hat,Horned Helmet,Uncommon,,,,,wardrobe_hat_horned_viking_helmet,mcc:island_cosmetics.hat.horned_viking_helmet,,,Complete,[Not Historically Accurate],10,"5,625",75,$1.50
TRUE,Hat,Kitsune Mask,Rare,TRUE,,#ff788e,default,wardrobe_hat_kitsune_mask,mcc:island_cosmetics.hat.kitsune_mask,,,Complete,,20,"14,625",150,$3.00
TRUE,Hat,Knight Helmet,Epic,TRUE,,#FD382A,,wardrobe_hat_knight_helmet,mcc:island_cosmetics.hat.knight_helmet,,,Complete,"[You may not be a bird, but you have a lovely plume.]",50,"33,750",300,$6.00
TRUE,Hat,Magician's Hat,Uncommon,TRUE,,#F7391B,,wardrobe_hat_magicians_hat,mcc:island_cosmetics.hat.magicians_hat,,,Complete,A black magician's hat with a red stripe across the brim. [And now to make your coins disappear!],10,"5,625",75,$1.50
TRUE,Hat,Mascot Bobblehead,Legendary,,,,,wardrobe_hat_mascot_bobblehead,mcc:island_cosmetics.hat.mascot_bobblehead,,,Complete,[The Champion],100,"108,000",600,$12.00
TRUE,Hat,Mellowhead,Rare,,,,default,wardrobe_hat_mellowhead,mcc:island_cosmetics.hat.mellowhead,,,Complete,,20,"14,625",150,$3.00
TRUE,Hat,Mobster Hat,Common,TRUE,,#403D42,,wardrobe_hat_mobster_hat,mcc:island_cosmetics.hat.mobster_hat,,,Complete,A black fedora like that a gangster might wear. [This is a hat you can't refuse.],5,"3,750",50,$1.00
TRUE,Hat,Night Vision Goggles,Rare,TRUE,,#A2FF17,,wardrobe_hat_night_vision,mcc:island_cosmetics.hat.night_vision,,,Complete,"[Fisher, do you copy?]",20,"14,625",150,$3.00
TRUE,Hat,Oni Mask,Epic,TRUE,,#DD153C,default,wardrobe_hat_oni_mask,mcc:island_cosmetics.hat.oni_mask,,,Complete,,50,"33,750",300,$6.00
TRUE,Hat,Party Hat,Common,TRUE,,#ff8dc9,,wardrobe_hat_party_hat,mcc:island_cosmetics.hat.party_hat,,,Complete,"[Party like it's November, 2011!]",5,"3,750",50,$1.00
TRUE,Hat,Pilot's Hat,Uncommon,,,,,wardrobe_hat_pilot_hat,mcc:island_cosmetics.hat.pilot_hat,,,Complete,[Ready to fly?],10,"5,625",75,$1.50
TRUE,Hat,Pirate Hat,Rare,TRUE,,#ed3e3e,,wardrobe_hat_pirate_hat,mcc:island_cosmetics.hat.pirate_hat,,,Complete,[Yar har fiddle dee dee!],20,"14,625",150,$3.00
TRUE,Hat,Plague Doctor,Legendary,TRUE,,#716E7b,,wardrobe_hat_plague_doctor,mcc:island_cosmetics.hat.plague_doctor,,,Complete,[An apple a day keeps this nightmare away.],100,"108,000",600,$12.00
TRUE,Hat,Police Cap,Common,,,,,wardrobe_hat_police_cap,mcc:island_cosmetics.hat.police_cap,,,Complete,,5,"3,750",50,$1.00
TRUE,Hat,Propeller,Rare,,,,,wardrobe_hat_propeller_hat,mcc:island_cosmetics.hat.propeller_hat,,,Complete,[Can it fly? Probably not..],20,"14,625",150,$3.00
TRUE,Hat,Samurai Helmet,Epic,TRUE,,#b23f33,default,wardrobe_hat_samurai_helmet,mcc:island_cosmetics.hat.samurai_helmet,,,Complete,,50,"33,750",300,$6.00
TRUE,Hat,Sensei,Uncommon,,,,,wardrobe_hat_sensei,mcc:island_cosmetics.hat.sensei,,,Complete,,10,"5,625",75,$1.50
TRUE,Hat,Shark,Epic,TRUE,,#54d8f5,,wardrobe_hat_shark,mcc:island_cosmetics.hat.shark,,,Complete,,50,"33,750",300,$6.00
TRUE,Hat,Sheriff,Uncommon,,,,,wardrobe_hat_sheriff,mcc:island_cosmetics.hat.sheriff,,,Complete,A brown cowboy hat. [There's a new hat in town.],10,"5,625",75,$1.50
TRUE,Hat,Snapback,Uncommon,TRUE,,#7EC41B,,wardrobe_hat_snapback,mcc:island_cosmetics.hat.snapback,,,Complete,"[How do you do, fellow kids?]",10,"5,625",75,$1.50
TRUE,Hat,Snorkel,Rare,TRUE,,#ffd34c,,wardrobe_hat_snorkel,mcc:island_cosmetics.hat.snorkel,,,Complete,[Ready to go diving for underwater treasure?],20,"14,625",150,$3.00
TRUE,Hat,Sombrero,Common,,,,,wardrobe_hat_sombrero,mcc:island_cosmetics.hat.sombrero,,,Complete,A whide-brimmed straw hat with multiple tassals. [Mariachi flashbacks intensify.],5,"3,750",50,$1.00
TRUE,Hat,Spartan,Epic,TRUE,,#FD382A,,wardrobe_hat_spartan,mcc:island_cosmetics.hat.spartan,,,Complete,[This Is MINECRAFT!!!],50,"33,750",300,$6.00
TRUE,Hat,Sprouted,Common,,,,,wardrobe_hat_sprouted,mcc:island_cosmetics.hat.sprouted,,,Complete,[Needs plenty of sunlight],5,"3,750",50,$1.00
TRUE,Hat,Strawberry Head,Epic,,,,,wardrobe_hat_strawberry_hat,mcc:island_cosmetics.hat.strawberry_hat,,,Complete,[Sweet and Juicy!],50,"33,750",300,$6.00
TRUE,Hat,Sultan,Uncommon,TRUE,,#A250E5,,wardrobe_hat_sultan,mcc:island_cosmetics.hat.sultan,,,Complete,A massive turban covered with gems. [Kingdom sold seperately],10,"5,625",75,$1.50
TRUE,Hat,Sun Hat,Common,TRUE,,#F77E14,,wardrobe_hat_sun_hat,mcc:island_cosmetics.hat.sun_hat,,,Complete,A long brimmed hat for the summer. [Did somebody say beach episode?],5,"3,750",50,$1.00
TRUE,Hat,Sun Visor,Common,TRUE,,#F7391B,,wardrobe_hat_sun_visor,mcc:island_cosmetics.hat.sun_visor,,,Complete,[Watch out for the sun!],5,"3,750",50,$1.00
TRUE,Hat,Toadstool,Uncommon,,,,,wardrobe_hat_toadstool,mcc:island_cosmetics.hat.toadstool,,,Complete,"[Thank you, but our princess is in another tournament!]",10,"5,625",75,$1.50
TRUE,Hat,Toy Robot,Rare,TRUE,,#f44336,default,wardrobe_hat_toy_robot,mcc:island_cosmetics.hat.toy_robot,,,Complete,,20,"14,625",150,$3.00
TRUE,Hat,Traffic Cone,Uncommon,,,,,wardrobe_hat_traffic_cone,mcc:island_cosmetics.hat.traffic_cone,,,Complete,[I'm walkin' here],10,"5,625",75,$1.50
TRUE,Hat,Tribal Mask,Rare,TRUE,,#3eb2ff,default,wardrobe_hat_tiki_mask,mcc:island_cosmetics.hat.tiki_mask,,,Complete,,20,"14,625",150,$3.00
TRUE,Hat,Tricorn Hat,Uncommon,TRUE,,#485c69,,wardrobe_hat_tricorn_hat,mcc:island_cosmetics.hat.tricorn_hat,,,Complete,"French army general hat like that of Napoleon. [Regarding popularity on MCC Island, stupidity is not a handicap.]",10,"5,625",75,$1.50
TRUE,Hat,Trucker Hat,Common,TRUE,,#5988D9,,wardrobe_hat_trucker_hat,mcc:island_cosmetics.hat.trucker_hat,,,Complete,"Reads ""I <3 MCC."" [Look at my Trucker Hat.]",5,"3,750",50,$1.00
TRUE,Hat,TV Head,Legendary,TRUE,,#8C90A1,,wardrobe_hat_tv_head,mcc:island_cosmetics.hat.tv_head,,,Complete,A Television set placed upon your head. [Reminds me of something from a comic...],100,"108,000",600,$12.00
TRUE,Hat,Uncle Sam,Rare,,,,,wardrobe_hat_uncle_sam,mcc:island_cosmetics.hat.uncle_sam,,,Complete,[Star-Spangled Fashion],20,"14,625",150,$3.00
TRUE,Hat,Ushanka,Uncommon,TRUE,,#7F82A3,,wardrobe_hat_ushanka,mcc:island_cosmetics.hat.ushanka,,,Complete,"A brown, furry hat that covers the sides of the head. [Excellent for cold weather.]",10,"5,625",75,$1.50
TRUE,Hat,VR Headset,Epic,TRUE,,#17F0FF,,wardrobe_hat_vr_headset,mcc:island_cosmetics.hat.vr_headset,,,Complete,[Enter a new reality],50,"33,750",300,$6.00
TRUE,Hat,Wizard Hat,Uncommon,TRUE,,#9f67d4,,wardrobe_hat_wizard_hat,mcc:island_cosmetics.hat.wizard_hat,,,Complete,[I ghast fireball!],10,"5,625",75,$1.50
FALSE,Hat,Archer,Uncommon,,,,,,,,,None,[Robbin' Hood?],10,"5,625",75,$1.50
FALSE,Hat,Champion Scarf,,,,,,,,,,,,,,,
FALSE,Hat,Flagmaster,Uncommon,,,,,,,,,None,A headband with two small triangular flags (one white and one gold) pointing to the player's left and right.,10,"5,625",75,$1.50
FALSE,Hat,Glasses,Common,,,,,,,,,None,"A pair of normal, prescription spectacles.",5,"3,750",50,$1.00
FALSE,Hat,Hexapus Head,,,,,,,,,,,,,,,
FALSE,Hat,MCC Cap,,,,,,,,,,,,,,,
FALSE,Hat,Neccromancer Skull,Epic,,,,,,,,,None,"In Noxcrew's Dragon Skies, there is an enemy: the Necromancer. A miniature version of his skull now rests upon the player's head (also leaning back slightly). Its eyes are lifeless and hollow. .....Or they're animated and glowing...!",50,"33,750",300,$6.00
FALSE,Hat,TSF Helmet,Rare,,,,,,,,,None,A grey helmet top and bottom with an orange visor that covers the entirety of the face. Look at Terra Swoop Force flight suits for reference.,20,"14,625",150,$3.00
TRUE,Hat,Clown Mask,Epic,TRUE,,#ff5a40,,wardrobe_hat_clown_mask,mcc:island_cosmetics.hat.clown_mask,,,Complete,[Send in the clowns..],50,"33,750",300,$6.00
TRUE,Hat,Jester,Rare,TRUE,,#209fff,,wardrobe_hat_jester,mcc:island_cosmetics.hat.jester,,,Complete,"[If you weren't already a joke, this hat'll make sure of it!]",20,"14,625",150,$3.00
TRUE,Hat,King Whip,Legendary,TRUE,,#ffeec5,,wardrobe_hat_king_whip,mcc:island_cosmetics.hat.king_whip,,,Complete,[I'll whip you up an icey treat!],100,"108,000",600,$12.00
TRUE,Hat,Pharoah Headpiece,Epic,,,,,wardrobe_hat_pharaoh_headpiece,mcc:island_cosmetics.hat.pharoah_headpiece,,,Complete,Ruler of Egypt,50,"33,750",300,$6.00
TRUE,Hat,Witch Hat,Rare,TRUE,,#4e4564,,wardrobe_hat_witch_hat,mcc:island_cosmetics.hat.witch_hat,,,Complete,"[Bubble, boil, toil & trouble!]",20,"14,625",150,$3.00
FALSE,Aura,Angel Wings,Epic,,,,,,mcc:island_cosmetics.auras.angel_wings,,,In Progress,White Particles in the shape of Angle Wings on the back of the player,50,"50,625",800,$16.00
TRUE,Aura,Angry!,Uncommon,,,,,aura_angry,mcc:island_cosmetics.auras.angry,,,Complete,"Every few seconds, smoke billows out of the player's ears, and their head increases in size slightly. [Blow it out your ear!]",10,"11,250",200,$4.00
TRUE,Aura,Armor of Darkness,Uncommon,,,,,aura_armor_of_darkness,mcc:island_cosmetics.auras.armor_of_darkness,,,Complete,Black and grey shadows surround the player and dance around like an aura. Similar shadows faintly trail behind the player when moving.,10,"11,250",200,$4.00
TRUE,Aura,Beta,Legendary,,,,default,aura_beta,mcc:island_cosmetics.auras.beta,,,Complete,"The greek letter 'Beta' fades out from you. As it does so, the letter gets larger and more transparant.",100,"108,000","1,200",$24.00
TRUE,Aura,Block of Ice,Legendary,,,,,aura_block_of_ice,mcc:island_cosmetics.auras.block_of_ice,,,Complete,"When stationary for more than 5 seconds, your space is occupied by ice blocks, making you look frozen solid. The blocks break the second you move from your spot.",100,"108,000","1,200",$24.00
FALSE,Aura,Chippy,Legendary,,,,,aura_chippy,mcc:island_cosmetics.auras.chippy,,,None,"A small, smiling head made of diamonds slowly circles you. Every one in a while it speaks in a text box giving a cute quip. Reference to 'Clippy' the Paperclip and should give off a similar vibe. Have a list of quips for Chippy to randomly select.",100,"108,000","1,200",$24.00
TRUE,Aura,Concentrating,Uncommon,,,,default,aura_concentrating,,,,Complete,"When crouching, the player collects energy from the air! (Enchanting table effect)",10,"11,250",200,$4.00
TRUE,Aura,Cuckoo,Epic,,,,,aura_cuckoo,mcc:island_cosmetics.auras.cuckoo,,,Complete,A yellow bird circles around the player's head.,50,"50,625",800,$16.00
FALSE,Aura,Devil Wings,Epic,,,,,,,,,None,Red Particles in the shape of Devil Wings on the back of the player,50,"50,625",800,$16.00
FALSE,Aura,Dizzy,Rare,,,,,,,,,None,Spirals and spell particles gently float over your head. Maybe you're drunk.,20,"29,250",400,$8.00
TRUE,Aura,Flutter,Rare,,,,,aura_flutter,mcc:island_cosmetics.auras.flutter,,,Complete,Feathers occasionally flutter around the player.,20,"29,250",400,$8.00
TRUE,Aura,Hover Rings,Uncommon,,,,default,aura_hover_rings,mcc:island_cosmetics.auras.hover_rings,,,Complete,,10,"11,250",200,$4.00
TRUE,Aura,MCC Coin,Rare,,,,,aura_mcc_coin,mcc:island_cosmetics.auras.mcc_coin,,,Complete,"Occasionally, MCC Coins float around the player and wink in-and-out of existence. [*These Coins do not affect final score.]",20,"29,250",400,$8.00
TRUE,Aura,Ranked Aura,Epic,,,,,aura_rank_2_scattered_shapes,,,,Complete,Must own rank 2 or higher to unlock. Small diamonds (the shape) slowly appear and disappear around the player. The diamonds spin along the Y axis. A roughly equal number of the shapes should be green and blue.,50,"50,625",800,$16.00
TRUE,Aura,Smoke Cloud,Uncommon,,,,,aura_smoke_cloud,mcc:island_cosmetics.auras.smoke_cloud,,,Complete,A White cloud on the top of the player with a lightning blot coming out. Rain particles fall from the cloud on the back as well.,10,"11,250",200,$4.00
TRUE,Aura,Sparkle,Rare,,,,,aura_sparkle,mcc:island_cosmetics.auras.sparkle,,,Complete,Small white sparks float from above your character to the ground around them. Remains in-place and around your character regardless of movement.,20,"29,250",400,$8.00
TRUE,Aura,Storm Cloud,Uncommon,,,,,aura_storm_cloud,mcc:island_cosmetics.auras.storm_cloud,,,Complete,Small green/yellow lines hover slightly above your character when stationary.,10,"11,250",200,$4.00
TRUE,Aura,Tornado,Epic,,,,,aura_tornado,mcc:island_cosmetics.auras.tornado,,,Complete,A spiral of air surrounds the player and lifts nearby blocks of earth into its vortex. [you're not in SMP anymore.],50,"50,625",800,$16.00
FALSE,Aura,Superstar,Epic,,,,,aura_superstar,mcc:island_cosmetics.auras.superstar,,,In Progress,Three cameras circle around the player,50,"50,625",800,$16.00
FALSE,Aura,Mobile Garden,Rare,,,,,aura_mobile_garden,,,,In Progress,A ring of flowers springs up when you stop,20,"29,250",400,$8.00
FALSE,Aura,Flyman Dan,Legendary,,,,,aura_flyman_dan,,,,In Progress,A little dude with elytra wings flys around the player,100,"108,000","1,200",$24.00
FALSE,Trail,Celebrator,Rare,,,,,,,,,None,"Small, colorful firework explosions follow the player.",20,"29,250",300,$6.00
TRUE,Trail,Ember,Uncommon,,,,,trail_ember,mcc:island_cosmetics.trails.ember,,,Complete,Red-grey ash trails behind you.,10,"11,250",150,$3.00
FALSE,Trail,Lord of the Flies,Uncommon,,,,,,,,,None,Motes of black flies are left in your wake. They slowly disperse.,10,"11,250",150,$3.00
TRUE,Trail,Mastermind,Epic,,,,,trail_mastermind,mcc:island_cosmetics.trails.mastermind,,,Complete,"Floating text keeps appearing around the player with maths equations such as 1+1=, E=MC2 and 3.14159",50,"50,625",600,$12.00
TRUE,Trail,Pixie Dust,Uncommon,,,,,trail_pixie_dust,mcc:island_cosmetics.trails.pixie_dust,,,Complete,Pink puffs of dragon breath trail behind you,10,"11,250",150,$3.00
TRUE,Trail,Rainbow,Uncommon,,,,,trail_rainbow,mcc:island_cosmetics.trails.rainbow,,,Complete,Multicolored light goes in your wake.,10,"11,250",150,$3.00
TRUE,Trail,Ranked Trail,Rare,,,,,trail_rank_1_scattered_shapes,,,,Complete,Must own rank 1 or higher to unlock. Small green diamonds (the shape) and jewel shapes appear behind the player. The shapes spin along the Y axis.,20,"29,250",300,$6.00
TRUE,Trail,Shredding Notes,Epic,,,,,trail_shredding_notes,mcc:island_cosmetics.trails.shredding_notes,,,Complete,"Whenever you move, rock-n-roll style notes float behind your character and animate briefly. They also float in circles around your character.",50,"50,625",600,$12.00
TRUE,Trail,Smelly Cloud,Rare,,,,,trail_smelly_cloud,mcc:island_cosmetics.trails.smelly_cloud,,,Complete,A green-yellow-brown cloud floats around and behind you (honestly like a fart cloud).,20,"29,250",300,$6.00
TRUE,Trail,Smoke Cloud,Rare,,,,,trail_smoke_cloud,mcc:island_cosmetics.trails.smoke_cloud,,,Complete,Small puffs of grey smoke sporadically follow your character when in motion.,20,"29,250",300,$6.00
FALSE,Trail,Speedster,Legendary,,,,,trail_speedster,mcc:island_cosmetics.trails.speedster,,,In Progress,"Whenever you move, a transparent copy of you is left behind for 1 second. This makes you look like you're moving super fast!",100,"108,000","1,000",$20.00
FALSE,Trail,Valentine,,,,,,,,,,None,Pink hearts swirl and pink air trail behind you.,,,,
FALSE,Trail,Light Ribbon,,,,,,,,,,None,"A small, clear ribbon of light follows the player (think TRON). It doesn't extend too far beyond the player--maybe 2 blocks.",,,,
FALSE,Trail,Chromatic Light Ribbon,,,,,,,,,,None,"A small, clear ribbon of light follows the player (think TRON). The light slowly changes color from white to red through the color spectrum to purple and back.",,,,
FALSE,Trail,Greasy,,,,,,,,,,None,You leave a trail of brownish-green grease in your wake. Eww.,,,,
FALSE,Trail,Flaming Footprints,,,,,,,,,,None,"Whenever you walk, leave a trail of small red flames on the ground. Similar to Illidan from Warcraft 3's footprints.",,,,
FALSE,Trail,FelFlame Footprints,,,,,,,,,,None,"Whenever you walk, leave a trail of small green flames on the ground. Similar to Illidan from Warcraft 3's footprints.",,,,
FALSE,Trail,Paku Paku,,,,,,,,,,None,Small white dots trail behind your character when in motion.,,,,
FALSE,Trail,Fae Queen,,,,,,,,,,None,Butterflies and other beautiful insects flutter in your wake briefly before despawning. You also leave vibrant colors reminiscent of a fairy world.,,,,
FALSE,,,,,,,,,,,,,,,,,
FALSE,,,,,,,,,,,,,,,,,
FALSE,,,,,,,,,,,,,,,,,
FALSE,,,,,,,,,,,,,,,,,
FALSE,,,,,,,,,,,,,,,,,
FALSE,,,,,,,,,,,,,,,,,
FALSE,,,,,,,,,,,,,,,,,
FALSE,,,,,,,,,,,,,,,,,
FALSE,,,,,,,,,,,,,,,,,
FALSE,,,,,,,,,,,,,,,,,
FALSE,,,,,,,,,,,,,,,,,
FALSE,,,,,,,,,,,,,,,,,
FALSE,,,,,,,,,,,,,,,,,
FALSE,,,,,,,,,,,,,,,,,
FALSE,,,,,,,,,,,,,,,,,
FALSE,,,,,,,,,,,,,,,,,
FALSE,,,,,,,,,,,,,,,,,
FALSE,,,,,,,,,,,,,,,,,
FALSE,,,,,,,,,,,,,,,,,
FALSE,,,,,,,,,,,,,,,,,
FALSE,,,,,,,,,,,,,,,,,
FALSE,,,,,,,,,,,,,,,,,
FALSE,,,,,,,,,,,,,,,,,
FALSE,,,,,,,,,,,,,,,,,
FALSE,,,,,,,,,,,,,,,,,
FALSE,,,,,,,,,,,,,,,,,
FALSE,,,,,,,,,,,,,,,,,
FALSE,,,,,,,,,,,,,,,,,
FALSE,,,,,,,,,,,,,,,,,
FALSE,,,,,,,,,,,,,,,,,
FALSE,,,,,,,,,,,,,,,,,
FALSE,,,,,,,,,,,,,,,,,
FALSE,,,,,,,,,,,,,,,,,
FALSE,,,,,,,,,,,,,,,,,
FALSE,,,,,,,,,,,,,,,,,
FALSE,,,,,,,,,,,,,,,,,
FALSE,,,,,,,,,,,,,,,,,
FALSE,,,,,,,,,,,,,,,,,
FALSE,,,,,,,,,,,,,,,,,
FALSE,,,,,,,,,,,,,,,,,
FALSE,,,,,,,,,,,,,,,,,
FALSE,,,,,,,,,,,,,,,,,
FALSE,,,,,,,,,,,,,,,,,
FALSE,,,,,,,,,,,,,,,,,
FALSE,,,,,,,,,,,,,,,,,
FALSE,,,,,,,,,,,,,,,,,
FALSE,,,,,,,,,,,,,,,,,
FALSE,,,,,,,,,,,,,,,,,
FALSE,,,,,,,,,,,,,,,,,
FALSE,,,,,,,,,,,,,,,,,
FALSE,,,,,,,,,,,,,,,,,
FALSE,,,,,,,,,,,,,,,,,
FALSE,,,,,,,,,,,,,,,,,
FALSE,,,,,,,,,,,,,,,,,
FALSE,,,,,,,,,,,,,,,,,
FALSE,,,,,,,,,,,,,,,,,
FALSE,,,,,,,,,,,,,,,,,
FALSE,,,,,,,,,,,,,,,,,
FALSE,,,,,,,,,,,,,,,,,
FALSE,,,,,,,,,,,,,,,,,
FALSE,,,,,,,,,,,,,,,,,
FALSE,,,,,,,,,,,,,,,,,
FALSE,,,,,,,,,,,,,,,,,
FALSE,,,,,,,,,,,,,,,,,
FALSE,,,,,,,,,,,,,,,,,
FALSE,,,,,,,,,,,,,,,,,
FALSE,,,,,,,,,,,,,,,,,
FALSE,,,,,,,,,,,,,,,,,
FALSE,,,,,,,,,,,,,,,,,
FALSE,,,,,,,,,,,,,,,,,
FALSE,,,,,,,,,,,,,,,,,
FALSE,,,,,,,,,,,,,,,,,
FALSE,,,,,,,,,,,,,,,,,
FALSE,,,,,,,,,,,,,,,,,
FALSE,,,,,,,,,,,,,,,,,
FALSE,,,,,,,,,,,,,,,,,
FALSE,,,,,,,,,,,,,,,,,
FALSE,,,,,,,,,,,,,,,,,
FALSE,,,,,,,,,,,,,,,,,
FALSE,,,,,,,,,,,,,,,,,
FALSE,,,,,,,,,,,,,,,,,
FALSE,,,,,,,,,,,,,,,,,
FALSE,,,,,,,,,,,,,,,,,
FALSE,,,,,,,,,,,,,,,,,
FALSE,,,,,,,,,,,,,,,,,
FALSE,,,,,,,,,,,,,,,,,
FALSE,,,,,,,,,,,,,,,,,
FALSE,,,,,,,,,,,,,,,,,
FALSE,,,,,,,,,,,,,,,,,
FALSE,,,,,,,,,,,,,,,,,
FALSE,,,,,,,,,,,,,,,,,
FALSE,,,,,,,,,,,,,,,,,
FALSE,,,,,,,,,,,,,,,,,
FALSE,,,,,,,,,,,,,,,,,
FALSE,,,,,,,,,,,,,,,,,
FALSE,,,,,,,,,,,,,,,,,
FALSE,,,,,,,,,,,,,,,,,
FALSE,,,,,,,,,,,,,,,,,
FALSE,,,,,,,,,,,,,,,,,
FALSE,,,,,,,,,,,,,,,,,
FALSE,,,,,,,,,,,,,,,,,
FALSE,,,,,,,,,,,,,,,,,
FALSE,,,,,,,,,,,,,,,,,
FALSE,,,,,,,,,,,,,,,,,
FALSE,,,,,,,,,,,,,,,,,
FALSE,,,,,,,,,,,,,,,,,
FALSE,,,,,,,,,,,,,,,,,
FALSE,,,,,,,,,,,,,,,,,
FALSE,,,,,,,,,,,,,,,,,
FALSE,,,,,,,,,,,,,,,,,
FALSE,,,,,,,,,,,,,,,,,
FALSE,,,,,,,,,,,,,,,,,
FALSE,,,,,,,,,,,,,,,,,
FALSE,,,,,,,,,,,,,,,,,
FALSE,,,,,,,,,,,,,,,,,
FALSE,,,,,,,,,,,,,,,,,
FALSE,,,,,,,,,,,,,,,,,
FALSE,,,,,,,,,,,,,,,,,
FALSE,,,,,,,,,,,,,,,,,
FALSE,,,,,,,,,,,,,,,,,
FALSE,,,,,,,,,,,,,,,,,
FALSE,,,,,,,,,,,,,,,,,
FALSE,,,,,,,,,,,,,,,,,
FALSE,,,,,,,,,,,,,,,,,
FALSE,,,,,,,,,,,,,,,,,
FALSE,,,,,,,,,,,,,,,,,
FALSE,,,,,,,,,,,,,,,,,
FALSE,,,,,,,,,,,,,,,,,
FALSE,,,,,,,,,,,,,,,,,
FALSE,,,,,,,,,,,,,,,,,
FALSE,,,,,,,,,,,,,,,,,
FALSE,,,,,,,,,,,,,,,,,
FALSE,,,,,,,,,,,,,,,,,
FALSE,,,,,,,,,,,,,,,,,
FALSE,,,,,,,,,,,,,,,,,
FALSE,,,,,,,,,,,,,,,,,
FALSE,,,,,,,,,,,,,,,,,
FALSE,,,,,,,,,,,,,,,,,
FALSE,,,,,,,,,,,,,,,,,
FALSE,,,,,,,,,,,,,,,,,
FALSE,,,,,,,,,,,,,,,,,
FALSE,,,,,,,,,,,,,,,,,
FALSE,,,,,,,,,,,,,,,,,
FALSE,,,,,,,,,,,,,,,,,
FALSE,,,,,,,,,,,,,,,,,
FALSE,,,,,,,,,,,,,,,,,
FALSE,,,,,,,,,,,,,,,,,
FALSE,,,,,,,,,,,,,,,,,
FALSE,,,,,,,,,,,,,,,,,
FALSE,,,,,,,,,,,,,,,,,
FALSE,,,,,,,,,,,,,,,,,
FALSE,,,,,,,,,,,,,,,,,
FALSE,,,,,,,,,,,,,,,,,
FALSE,,,,,,,,,,,,,,,,,
FALSE,,,,,,,,,,,,,,,,,
FALSE,,,,,,,,,,,,,,,,,
FALSE,,,,,,,,,,,,,,,,,
FALSE,,,,,,,,,,,,,,,,,
FALSE,,,,,,,,,,,,,,,,,
FALSE,,,,,,,,,,,,,,,,,
FALSE,,,,,,,,,,,,,,,,,
FALSE,,,,,,,,,,,,,,,,,
FALSE,,,,,,,,,,,,,,,,,
FALSE,,,,,,,,,,,,,,,,,
FALSE,,,,,,,,,,,,,,,,,
FALSE,,,,,,,,,,,,,,,,,
FALSE,,,,,,,,,,,,,,,,,
FALSE,,,,,,,,,,,,,,,,,
FALSE,,,,,,,,,,,,,,,,,
FALSE,,,,,,,,,,,,,,,,,
FALSE,,,,,,,,,,,,,,,,,
FALSE,,,,,,,,,,,,,,,,,
FALSE,,,,,,,,,,,,,,,,,
FALSE,,,,,,,,,,,,,,,,,
FALSE,,,,,,,,,,,,,,,,,
FALSE,,,,,,,,,,,,,,,,,
FALSE,,,,,,,,,,,,,,,,,
FALSE,,,,,,,,,,,,,,,,,
FALSE,,,,,,,,,,,,,,,,,
FALSE,,,,,,,,,,,,,,,,,
FALSE,,,,,,,,,,,,,,,,,
FALSE,,,,,,,,,,,,,,,,,
FALSE,,,,,,,,,,,,,,,,,
FALSE,,,,,,,,,,,,,,,,,
FALSE,,,,,,,,,,,,,,,,,
FALSE,,,,,,,,,,,,,,,,,
FALSE,,,,,,,,,,,,,,,,,
FALSE,,,,,,,,,,,,,,,,,
FALSE,,,,,,,,,,,,,,,,,
FALSE,,,,,,,,,,,,,,,,,
FALSE,,,,,,,,,,,,,,,,,
FALSE,,,,,,,,,,,,,,,,,
FALSE,,,,,,,,,,,,,,,,,
FALSE,,,,,,,,,,,,,,,,,
FALSE,,,,,,,,,,,,,,,,,
FALSE,,,,,,,,,,,,,,,,,
FALSE,,,,,,,,,,,,,,,,,
FALSE,,,,,,,,,,,,,,,,,
FALSE,,,,,,,,,,,,,,,,,
FALSE,,,,,,,,,,,,,,,,,
FALSE,,,,,,,,,,,,,,,,,
FALSE,,,,,,,,,,,,,,,,,
FALSE,,,,,,,,,,,,,,,,,
FALSE,,,,,,,,,,,,,,,,,
FALSE,,,,,,,,,,,,,,,,,
FALSE,,,,,,,,,,,,,,,,,
FALSE,,,,,,,,,,,,,,,,,
FALSE,,,,,,,,,,,,,,,,,
FALSE,,,,,,,,,,,,,,,,,
FALSE,,,,,,,,,,,,,,,,,
FALSE,,,,,,,,,,,,,,,,,
FALSE,,,,,,,,,,,,,,,,,
FALSE,,,,,,,,,,,,,,,,,
FALSE,,,,,,,,,,,,,,,,,
FALSE,,,,,,,,,,,,,,,,,
FALSE,,,,,,,,,,,,,,,,,
FALSE,,,,,,,,,,,,,,,,,
FALSE,,,,,,,,,,,,,,,,,
FALSE,,,,,,,,,,,,,,,,,
FALSE,,,,,,,,,,,,,,,,,
FALSE,,,,,,,,,,,,,,,,,
FALSE,,,,,,,,,,,,,,,,,
FALSE,,,,,,,,,,,,,,,,,
FALSE,,,,,,,,,,,,,,,,,
FALSE,,,,,,,,,,,,,,,,,
FALSE,,,,,,,,,,,,,,,,,
FALSE,,,,,,,,,,,,,,,,,
FALSE,,,,,,,,,,,,,,,,,
FALSE,,,,,,,,,,,,,,,,,
FALSE,,,,,,,,,,,,,,,,,
FALSE,,,,,,,,,,,,,,,,,
FALSE,,,,,,,,,,,,,,,,,
FALSE,,,,,,,,,,,,,,,,,
FALSE,,,,,,,,,,,,,,,,,
FALSE,,,,,,,,,,,,,,,,,
FALSE,,,,,,,,,,,,,,,,,
FALSE,,,,,,,,,,,,,,,,,
FALSE,,,,,,,,,,,,,,,,,
FALSE,,,,,,,,,,,,,,,,,
FALSE,,,,,,,,,,,,,,,,,
FALSE,,,,,,,,,,,,,,,,,
FALSE,,,,,,,,,,,,,,,,,
FALSE,,,,,,,,,,,,,,,,,
FALSE,,,,,,,,,,,,,,,,,
FALSE,,,,,,,,,,,,,,,,,
FALSE,,,,,,,,,,,,,,,,,
FALSE,,,,,,,,,,,,,,,,,
FALSE,,,,,,,,,,,,,,,,,
FALSE,,,,,,,,,,,,,,,,,
FALSE,,,,,,,,,,,,,,,,,
FALSE,,,,,,,,,,,,,,,,,
FALSE,,,,,,,,,,,,,,,,,
FALSE,,,,,,,,,,,,,,,,,
FALSE,,,,,,,,,,,,,,,,,
FALSE,,,,,,,,,,,,,,,,,
FALSE,,,,,,,,,,,,,,,,,
FALSE,,,,,,,,,,,,,,,,,
FALSE,,,,,,,,,,,,,,,,,
FALSE,,,,,,,,,,,,,,,,,
FALSE,,,,,,,,,,,,,,,,,
FALSE,,,,,,,,,,,,,,,,,
FALSE,,,,,,,,,,,,,,,,,
FALSE,,,,,,,,,,,,,,,,,
FALSE,,,,,,,,,,,,,,,,,
FALSE,,,,,,,,,,,,,,,,,
FALSE,,,,,,,,,,,,,,,,,
FALSE,,,,,,,,,,,,,,,,,
FALSE,,,,,,,,,,,,,,,,,
FALSE,,,,,,,,,,,,,,,,,
FALSE,,,,,,,,,,,,,,,,,
FALSE,,,,,,,,,,,,,,,,,
FALSE,,,,,,,,,,,,,,,,,
FALSE,,,,,,,,,,,,,,,,,
FALSE,,,,,,,,,,,,,,,,,
FALSE,,,,,,,,,,,,,,,,,
FALSE,,,,,,,,,,,,,,,,,
FALSE,,,,,,,,,,,,,,,,,
FALSE,,,,,,,,,,,,,,,,,
FALSE,,,,,,,,,,,,,,,,,
FALSE,,,,,,,,,,,,,,,,,
FALSE,,,,,,,,,,,,,,,,,
FALSE,,,,,,,,,,,,,,,,,
FALSE,,,,,,,,,,,,,,,,,
FALSE,,,,,,,,,,,,,,,,,
FALSE,,,,,,,,,,,,,,,,,
FALSE,,,,,,,,,,,,,,,,,
FALSE,,,,,,,,,,,,,,,,,
FALSE,,,,,,,,,,,,,,,,,
FALSE,,,,,,,,,,,,,,,,,
FALSE,,,,,,,,,,,,,,,,,
FALSE,,,,,,,,,,,,,,,,,
FALSE,,,,,,,,,,,,,,,,,
FALSE,,,,,,,,,,,,,,,,,
FALSE,,,,,,,,,,,,,,,,,
FALSE,,,,,,,,,,,,,,,,,
FALSE,,,,,,,,,,,,,,,,,
FALSE,,,,,,,,,,,,,,,,,
FALSE,,,,,,,,,,,,,,,,,
FALSE,,,,,,,,,,,,,,,,,
FALSE,,,,,,,,,,,,,,,,,
FALSE,,,,,,,,,,,,,,,,,
FALSE,,,,,,,,,,,,,,,,,
FALSE,,,,,,,,,,,,,,,,,
FALSE,,,,,,,,,,,,,,,,,
FALSE,,,,,,,,,,,,,,,,,
FALSE,,,,,,,,,,,,,,,,,
FALSE,,,,,,,,,,,,,,,,,
FALSE,,,,,,,,,,,,,,,,,
FALSE,,,,,,,,,,,,,,,,,
FALSE,,,,,,,,,,,,,,,,,
FALSE,,,,,,,,,,,,,,,,,
FALSE,,,,,,,,,,,,,,,,,
FALSE,,,,,,,,,,,,,,,,,
FALSE,,,,,,,,,,,,,,,,,
FALSE,,,,,,,,,,,,,,,,,
FALSE,,,,,,,,,,,,,,,,,
FALSE,,,,,,,,,,,,,,,,,
FALSE,,,,,,,,,,,,,,,,,
FALSE,,,,,,,,,,,,,,,,,
FALSE,,,,,,,,,,,,,,,,,
FALSE,,,,,,,,,,,,,,,,,
FALSE,,,,,,,,,,,,,,,,,
FALSE,,,,,,,,,,,,,,,,,
FALSE,,,,,,,,,,,,,,,,,
FALSE,,,,,,,,,,,,,,,,,
FALSE,,,,,,,,,,,,,,,,,
FALSE,,,,,,,,,,,,,,,,,
FALSE,,,,,,,,,,,,,,,,,
FALSE,,,,,,,,,,,,,,,,,
FALSE,,,,,,,,,,,,,,,,,
FALSE,,,,,,,,,,,,,,,,,
FALSE,,,,,,,,,,,,,,,,,
FALSE,,,,,,,,,,,,,,,,,
FALSE,,,,,,,,,,,,,,,,,
FALSE,,,,,,,,,,,,,,,,,
FALSE,,,,,,,,,,,,,,,,,
FALSE,,,,,,,,,,,,,,,,,
FALSE,,,,,,,,,,,,,,,,,
FALSE,,,,,,,,,,,,,,,,,
FALSE,,,,,,,,,,,,,,,,,
FALSE,,,,,,,,,,,,,,,,,
FALSE,,,,,,,,,,,,,,,,,
FALSE,,,,,,,,,,,,,,,,,
FALSE,,,,,,,,,,,,,,,,,
FALSE,,,,,,,,,,,,,,,,,
FALSE,,,,,,,,,,,,,,,,,
FALSE,,,,,,,,,,,,,,,,,
FALSE,,,,,,,,,,,,,,,,,
FALSE,,,,,,,,,,,,,,,,,
FALSE,,,,,,,,,,,,,,,,,
FALSE,,,,,,,,,,,,,,,,,
FALSE,,,,,,,,,,,,,,,,,
FALSE,,,,,,,,,,,,,,,,,
FALSE,,,,,,,,,,,,,,,,,
FALSE,,,,,,,,,,,,,,,,,
FALSE,,,,,,,,,,,,,,,,,
FALSE,,,,,,,,,,,,,,,,,
FALSE,,,,,,,,,,,,,,,,,
FALSE,,,,,,,,,,,,,,,,,
FALSE,,,,,,,,,,,,,,,,,
FALSE,,,,,,,,,,,,,,,,,
FALSE,,,,,,,,,,,,,,,,,
FALSE,,,,,,,,,,,,,,,,,
FALSE,,,,,,,,,,,,,,,,,
FALSE,,,,,,,,,,,,,,,,,
FALSE,,,,,,,,,,,,,,,,,
FALSE,,,,,,,,,,,,,,,,,
FALSE,,,,,,,,,,,,,,,,,
FALSE,,,,,,,,,,,,,,,,,
FALSE,,,,,,,,,,,,,,,,,
FALSE,,,,,,,,,,,,,,,,,
FALSE,,,,,,,,,,,,,,,,,
FALSE,,,,,,,,,,,,,,,,,
FALSE,,,,,,,,,,,,,,,,,
FALSE,,,,,,,,,,,,,,,,,
FALSE,,,,,,,,,,,,,,,,,
FALSE,,,,,,,,,,,,,,,,,
FALSE,,,,,,,,,,,,,,,,,
FALSE,,,,,,,,,,,,,,,,,
FALSE,,,,,,,,,,,,,,,,,
FALSE,,,,,,,,,,,,,,,,,
FALSE,,,,,,,,,,,,,,,,,
FALSE,,,,,,,,,,,,,,,,,
FALSE,,,,,,,,,,,,,,,,,
FALSE,,,,,,,,,,,,,,,,,
FALSE,,,,,,,,,,,,,,,,,
FALSE,,,,,,,,,,,,,,,,,
FALSE,,,,,,,,,,,,,,,,,
FALSE,,,,,,,,,,,,,,,,,
FALSE,,,,,,,,,,,,,,,,,
FALSE,,,,,,,,,,,,,,,,,
FALSE,,,,,,,,,,,,,,,,,
FALSE,,,,,,,,,,,,,,,,,
FALSE,,,,,,,,,,,,,,,,,
FALSE,,,,,,,,,,,,,,,,,
FALSE,,,,,,,,,,,,,,,,,
FALSE,,,,,,,,,,,,,,,,,
FALSE,,,,,,,,,,,,,,,,,
FALSE,,,,,,,,,,,,,,,,,
FALSE,,,,,,,,,,,,,,,,,
FALSE,,,,,,,,,,,,,,,,,
FALSE,,,,,,,,,,,,,,,,,
FALSE,,,,,,,,,,,,,,,,,
FALSE,,,,,,,,,,,,,,,,,
FALSE,,,,,,,,,,,,,,,,,
FALSE,,,,,,,,,,,,,,,,,
FALSE,,,,,,,,,,,,,,,,,
FALSE,,,,,,,,,,,,,,,,,
FALSE,,,,,,,,,,,,,,,,,
FALSE,,,,,,,,,,,,,,,,,
FALSE,,,,,,,,,,,,,,,,,
FALSE,,,,,,,,,,,,,,,,,
FALSE,,,,,,,,,,,,,,,,,
FALSE,,,,,,,,,,,,,,,,,
FALSE,,,,,,,,,,,,,,,,,
FALSE,,,,,,,,,,,,,,,,,
FALSE,,,,,,,,,,,,,,,,,
FALSE,,,,,,,,,,,,,,,,,
FALSE,,,,,,,,,,,,,,,,,
FALSE,,,,,,,,,,,,,,,,,
FALSE,,,,,,,,,,,,,,,,,
FALSE,,,,,,,,,,,,,,,,,
FALSE,,,,,,,,,,,,,,,,,
FALSE,,,,,,,,,,,,,,,,,
FALSE,,,,,,,,,,,,,,,,,
FALSE,,,,,,,,,,,,,,,,,
FALSE,,,,,,,,,,,,,,,,,
FALSE,,,,,,,,,,,,,,,,,
FALSE,,,,,,,,,,,,,,,,,
FALSE,,,,,,,,,,,,,,,,,
FALSE,,,,,,,,,,,,,,,,,
FALSE,,,,,,,,,,,,,,,,,
FALSE,,,,,,,,,,,,,,,,,
FALSE,,,,,,,,,,,,,,,,,
FALSE,,,,,,,,,,,,,,,,,
FALSE,,,,,,,,,,,,,,,,,
FALSE,,,,,,,,,,,,,,,,,
FALSE,,,,,,,,,,,,,,,,,
FALSE,,,,,,,,,,,,,,,,,
FALSE,,,,,,,,,,,,,,,,,
FALSE,,,,,,,,,,,,,,,,,
FALSE,,,,,,,,,,,,,,,,,
FALSE,,,,,,,,,,,,,,,,,
FALSE,,,,,,,,,,,,,,,,,
FALSE,,,,,,,,,,,,,,,,,
FALSE,,,,,,,,,,,,,,,,,
FALSE,,,,,,,,,,,,,,,,,
FALSE,,,,,,,,,,,,,,,,,
FALSE,,,,,,,,,,,,,,,,,
FALSE,,,,,,,,,,,,,,,,,
FALSE,,,,,,,,,,,,,,,,,
FALSE,,,,,,,,,,,,,,,,,
FALSE,,,,,,,,,,,,,,,,,
FALSE,,,,,,,,,,,,,,,,,
FALSE,,,,,,,,,,,,,,,,,
FALSE,,,,,,,,,,,,,,,,,
FALSE,,,,,,,,,,,,,,,,,
FALSE,,,,,,,,,,,,,,,,,
FALSE,,,,,,,,,,,,,,,,,
FALSE,,,,,,,,,,,,,,,,,
FALSE,,,,,,,,,,,,,,,,,
FALSE,,,,,,,,,,,,,,,,,
FALSE,,,,,,,,,,,,,,,,,
FALSE,,,,,,,,,,,,,,,,,
FALSE,,,,,,,,,,,,,,,,,
FALSE,,,,,,,,,,,,,,,,,
FALSE,,,,,,,,,,,,,,,,,
FALSE,,,,,,,,,,,,,,,,,
FALSE,,,,,,,,,,,,,,,,,
FALSE,,,,,,,,,,,,,,,,,
FALSE,,,,,,,,,,,,,,,,,
FALSE,,,,,,,,,,,,,,,,,
FALSE,,,,,,,,,,,,,,,,,
FALSE,,,,,,,,,,,,,,,,,
FALSE,,,,,,,,,,,,,,,,,
FALSE,,,,,,,,,,,,,,,,,
FALSE,,,,,,,,,,,,,,,,,
FALSE,,,,,,,,,,,,,,,,,
FALSE,,,,,,,,,,,,,,,,,
FALSE,,,,,,,,,,,,,,,,,
FALSE,,,,,,,,,,,,,,,,,
FALSE,,,,,,,,,,,,,,,,,
FALSE,,,,,,,,,,,,,,,,,
FALSE,,,,,,,,,,,,,,,,,
FALSE,,,,,,,,,,,,,,,,,
FALSE,,,,,,,,,,,,,,,,,
FALSE,,,,,,,,,,,,,,,,,
FALSE,,,,,,,,,,,,,,,,,
FALSE,,,,,,,,,,,,,,,,,
FALSE,,,,,,,,,,,,,,,,,
FALSE,,,,,,,,,,,,,,,,,
FALSE,,,,,,,,,,,,,,,,,
FALSE,,,,,,,,,,,,,,,,,
FALSE,,,,,,,,,,,,,,,,,
FALSE,,,,,,,,,,,,,,,,,
FALSE,,,,,,,,,,,,,,,,,
FALSE,,,,,,,,,,,,,,,,,
FALSE,,,,,,,,,,,,,,,,,
FALSE,,,,,,,,,,,,,,,,,
FALSE,,,,,,,,,,,,,,,,,
FALSE,,,,,,,,,,,,,,,,,
FALSE,,,,,,,,,,,,,,,,,
FALSE,,,,,,,,,,,,,,,,,
FALSE,,,,,,,,,,,,,,,,,
FALSE,,,,,,,,,,,,,,,,,
FALSE,,,,,,,,,,,,,,,,,
FALSE,,,,,,,,,,,,,,,,,
FALSE,,,,,,,,,,,,,,,,,
FALSE,,,,,,,,,,,,,,,,,
FALSE,,,,,,,,,,,,,,,,,
FALSE,,,,,,,,,,,,,,,,,
FALSE,,,,,,,,,,,,,,,,,
FALSE,,,,,,,,,,,,,,,,,
FALSE,,,,,,,,,,,,,,,,,
FALSE,,,,,,,,,,,,,,,,,
FALSE,,,,,,,,,,,,,,,,,
FALSE,,,,,,,,,,,,,,,,,
FALSE,,,,,,,,,,,,,,,,,
FALSE,,,,,,,,,,,,,,,,,
FALSE,,,,,,,,,,,,,,,,,
FALSE,,,,,,,,,,,,,,,,,
FALSE,,,,,,,,,,,,,,,,,
FALSE,,,,,,,,,,,,,,,,,
FALSE,,,,,,,,,,,,,,,,,
FALSE,,,,,,,,,,,,,,,,,
FALSE,,,,,,,,,,,,,,,,,
FALSE,,,,,,,,,,,,,,,,,
FALSE,,,,,,,,,,,,,,,,,
FALSE,,,,,,,,,,,,,,,,,
FALSE,,,,,,,,,,,,,,,,,
FALSE,,,,,,,,,,,,,,,,,
FALSE,,,,,,,,,,,,,,,,,
FALSE,,,,,,,,,,,,,,,,,
FALSE,,,,,,,,,,,,,,,,,
FALSE,,,,,,,,,,,,,,,,,
FALSE,,,,,,,,,,,,,,,,,
FALSE,,,,,,,,,,,,,,,,,
FALSE,,,,,,,,,,,,,,,,,
FALSE,,,,,,,,,,,,,,,,,
FALSE,,,,,,,,,,,,,,,,,
FALSE,,,,,,,,,,,,,,,,,
FALSE,,,,,,,,,,,,,,,,,
FALSE,,,,,,,,,,,,,,,,,
FALSE,,,,,,,,,,,,,,,,,
FALSE,,,,,,,,,,,,,,,,,
FALSE,,,,,,,,,,,,,,,,,
FALSE,,,,,,,,,,,,,,,,,
FALSE,,,,,,,,,,,,,,,,,
FALSE,,,,,,,,,,,,,,,,,
FALSE,,,,,,,,,,,,,,,,,
FALSE,,,,,,,,,,,,,,,,,
FALSE,,,,,,,,,,,,,,,,,
FALSE,,,,,,,,,,,,,,,,,
FALSE,,,,,,,,,,,,,,,,,
FALSE,,,,,,,,,,,,,,,,,
FALSE,,,,,,,,,,,,,,,,,
FALSE,,,,,,,,,,,,,,,,,
FALSE,,,,,,,,,,,,,,,,,
FALSE,,,,,,,,,,,,,,,,,
FALSE,,,,,,,,,,,,,,,,,
FALSE,,,,,,,,,,,,,,,,,
FALSE,,,,,,,,,,,,,,,,,
FALSE,,,,,,,,,,,,,,,,,
FALSE,,,,,,,,,,,,,,,,,
FALSE,,,,,,,,,,,,,,,,,
FALSE,,,,,,,,,,,,,,,,,
FALSE,,,,,,,,,,,,,,,,,
FALSE,,,,,,,,,,,,,,,,,
FALSE,,,,,,,,,,,,,,,,,
FALSE,,,,,,,,,,,,,,,,,
FALSE,,,,,,,,,,,,,,,,,
FALSE,,,,,,,,,,,,,,,,,
FALSE,,,,,,,,,,,,,,,,,
FALSE,,,,,,,,,,,,,,,,,
FALSE,,,,,,,,,,,,,,,,,
FALSE,,,,,,,,,,,,,,,,,
FALSE,,,,,,,,,,,,,,,,,
FALSE,,,,,,,,,,,,,,,,,
FALSE,,,,,,,,,,,,,,,,,
FALSE,,,,,,,,,,,,,,,,,
FALSE,,,,,,,,,,,,,,,,,
FALSE,,,,,,,,,,,,,,,,,
FALSE,,,,,,,,,,,,,,,,,
FALSE,,,,,,,,,,,,,,,,,
FALSE,,,,,,,,,,,,,,,,,
FALSE,,,,,,,,,,,,,,,,,
FALSE,,,,,,,,,,,,,,,,,
FALSE,,,,,,,,,,,,,,,,,
FALSE,,,,,,,,,,,,,,,,,
FALSE,,,,,,,,,,,,,,,,,
FALSE,,,,,,,,,,,,,,,,,
FALSE,,,,,,,,,,,,,,,,,
FALSE,,,,,,,,,,,,,,,,,
FALSE,,,,,,,,,,,,,,,,,
FALSE,,,,,,,,,,,,,,,,,
FALSE,,,,,,,,,,,,,,,,,
FALSE,,,,,,,,,,,,,,,,,
FALSE,,,,,,,,,,,,,,,,,
FALSE,,,,,,,,,,,,,,,,,
FALSE,,,,,,,,,,,,,,,,,
FALSE,,,,,,,,,,,,,,,,,
FALSE,,,,,,,,,,,,,,,,,
FALSE,,,,,,,,,,,,,,,,,
FALSE,,,,,,,,,,,,,,,,,
FALSE,,,,,,,,,,,,,,,,,
FALSE,,,,,,,,,,,,,,,,,
FALSE,,,,,,,,,,,,,,,,,
FALSE,,,,,,,,,,,,,,,,,
FALSE,,,,,,,,,,,,,,,,,
FALSE,,,,,,,,,,,,,,,,,
FALSE,,,,,,,,,,,,,,,,,
FALSE,,,,,,,,,,,,,,,,,
FALSE,,,,,,,,,,,,,,,,,
FALSE,,,,,,,,,,,,,,,,,
FALSE,,,,,,,,,,,,,,,,,
FALSE,,,,,,,,,,,,,,,,,
FALSE,,,,,,,,,,,,,,,,,
FALSE,,,,,,,,,,,,,,,,,
FALSE,,,,,,,,,,,,,,,,,
FALSE,,,,,,,,,,,,,,,,,
FALSE,,,,,,,,,,,,,,,,,
FALSE,,,,,,,,,,,,,,,,,
FALSE,,,,,,,,,,,,,,,,,
FALSE,,,,,,,,,,,,,,,,,
FALSE,,,,,,,,,,,,,,,,,
FALSE,,,,,,,,,,,,,,,,,
FALSE,,,,,,,,,,,,,,,,,
FALSE,,,,,,,,,,,,,,,,,
FALSE,,,,,,,,,,,,,,,,,
FALSE,,,,,,,,,,,,,,,,,
FALSE,,,,,,,,,,,,,,,,,
FALSE,,,,,,,,,,,,,,,,,
FALSE,,,,,,,,,,,,,,,,,
FALSE,,,,,,,,,,,,,,,,,
FALSE,,,,,,,,,,,,,,,,,
FALSE,,,,,,,,,,,,,,,,,
FALSE,,,,,,,,,,,,,,,,,
FALSE,,,,,,,,,,,,,,,,,
FALSE,,,,,,,,,,,,,,,,,
FALSE,,,,,,,,,,,,,,,,,
FALSE,,,,,,,,,,,,,,,,,
FALSE,,,,,,,,,,,,,,,,,
FALSE,,,,,,,,,,,,,,,,,
FALSE,,,,,,,,,,,,,,,,,
FALSE,,,,,,,,,,,,,,,,,
FALSE,,,,,,,,,,,,,,,,,
FALSE,,,,,,,,,,,,,,,,,
FALSE,,,,,,,,,,,,,,,,,
FALSE,,,,,,,,,,,,,,,,,
FALSE,,,,,,,,,,,,,,,,,
FALSE,,,,,,,,,,,,,,,,,
FALSE,,,,,,,,,,,,,,,,,
FALSE,,,,,,,,,,,,,,,,,
FALSE,,,,,,,,,,,,,,,,,
FALSE,,,,,,,,,,,,,,,,,
FALSE,,,,,,,,,,,,,,,,,
FALSE,,,,,,,,,,,,,,,,,
FALSE,,,,,,,,,,,,,,,,,
FALSE,,,,,,,,,,,,,,,,,
FALSE,,,,,,,,,,,,,,,,,
FALSE,,,,,,,,,,,,,,,,,
FALSE,,,,,,,,,,,,,,,,,
FALSE,,,,,,,,,,,,,,,,,
FALSE,,,,,,,,,,,,,,,,,
FALSE,,,,,,,,,,,,,,,,,
FALSE,,,,,,,,,,,,,,,,,
FALSE,,,,,,,,,,,,,,,,,
FALSE,,,,,,,,,,,,,,,,,
FALSE,,,,,,,,,,,,,,,,,
FALSE,,,,,,,,,,,,,,,,,
FALSE,,,,,,,,,,,,,,,,,
FALSE,,,,,,,,,,,,,,,,,
FALSE,,,,,,,,,,,,,,,,,
FALSE,,,,,,,,,,,,,,,,,
FALSE,,,,,,,,,,,,,,,,,
FALSE,,,,,,,,,,,,,,,,,
FALSE,,,,,,,,,,,,,,,,,
FALSE,,,,,,,,,,,,,,,,,
FALSE,,,,,,,,,,,,,,,,,
FALSE,,,,,,,,,,,,,,,,,
FALSE,,,,,,,,,,,,,,,,,
FALSE,,,,,,,,,,,,,,,,,
FALSE,,,,,,,,,,,,,,,,,
FALSE,,,,,,,,,,,,,,,,,
FALSE,,,,,,,,,,,,,,,,,
FALSE,,,,,,,,,,,,,,,,,
FALSE,,,,,,,,,,,,,,,,,
FALSE,,,,,,,,,,,,,,,,,
FALSE,,,,,,,,,,,,,,,,,
FALSE,,,,,,,,,,,,,,,,,
FALSE,,,,,,,,,,,,,,,,,
FALSE,,,,,,,,,,,,,,,,,
FALSE,,,,,,,,,,,,,,,,,
FALSE,,,,,,,,,,,,,,,,,
FALSE,,,,,,,,,,,,,,,,,
FALSE,,,,,,,,,,,,,,,,,
FALSE,,,,,,,,,,,,,,,,,
FALSE,,,,,,,,,,,,,,,,,
FALSE,,,,,,,,,,,,,,,,,
FALSE,,,,,,,,,,,,,,,,,
FALSE,,,,,,,,,,,,,,,,,
FALSE,,,,,,,,,,,,,,,,,
FALSE,,,,,,,,,,,,,,,,,
FALSE,,,,,,,,,,,,,,,,,
FALSE,,,,,,,,,,,,,,,,,
FALSE,,,,,,,,,,,,,,,,,
FALSE,,,,,,,,,,,,,,,,,
FALSE,,,,,,,,,,,,,,,,,
FALSE,,,,,,,,,,,,,,,,,
FALSE,,,,,,,,,,,,,,,,,
FALSE,,,,,,,,,,,,,,,,,
FALSE,,,,,,,,,,,,,,,,,
FALSE,,,,,,,,,,,,,,,,,
FALSE,,,,,,,,,,,,,,,,,
FALSE,,,,,,,,,,,,,,,,,
FALSE,,,,,,,,,,,,,,,,,
FALSE,,,,,,,,,,,,,,,,,
FALSE,,,,,,,,,,,,,,,,,
FALSE,,,,,,,,,,,,,,,,,
FALSE,,,,,,,,,,,,,,,,,
FALSE,,,,,,,,,,,,,,,,,
FALSE,,,,,,,,,,,,,,,,,
FALSE,,,,,,,,,,,,,,,,,
FALSE,,,,,,,,,,,,,,,,,
FALSE,,,,,,,,,,,,,,,,,
FALSE,,,,,,,,,,,,,,,,,
FALSE,,,,,,,,,,,,,,,,,
FALSE,,,,,,,,,,,,,,,,,
FALSE,,,,,,,,,,,,,,,,,
FALSE,,,,,,,,,,,,,,,,,
FALSE,,,,,,,,,,,,,,,,,
FALSE,,,,,,,,,,,,,,,,,
FALSE,,,,,,,,,,,,,,,,,
FALSE,,,,,,,,,,,,,,,,,
FALSE,,,,,,,,,,,,,,,,,
FALSE,,,,,,,,,,,,,,,,,
FALSE,,,,,,,,,,,,,,,,,
FALSE,,,,,,,,,,,,,,,,,
FALSE,,,,,,,,,,,,,,,,,
FALSE,,,,,,,,,,,,,,,,,
FALSE,,,,,,,,,,,,,,,,,
FALSE,,,,,,,,,,,,,,,,,
FALSE,,,,,,,,,,,,,,,,,
FALSE,,,,,,,,,,,,,,,,,
FALSE,,,,,,,,,,,,,,,,,
FALSE,,,,,,,,,,,,,,,,,
FALSE,,,,,,,,,,,,,,,,,
FALSE,,,,,,,,,,,,,,,,,
FALSE,,,,,,,,,,,,,,,,,
FALSE,,,,,,,,,,,,,,,,,
FALSE,,,,,,,,,,,,,,,,,
FALSE,,,,,,,,,,,,,,,,,
FALSE,,,,,,,,,,,,,,,,,
FALSE,,,,,,,,,,,,,,,,,
FALSE,,,,,,,,,,,,,,,,,
FALSE,,,,,,,,,,,,,,,,,
FALSE,,,,,,,,,,,,,,,,,
FALSE,,,,,,,,,,,,,,,,,
FALSE,,,,,,,,,,,,,,,,,
FALSE,,,,,,,,,,,,,,,,,
FALSE,,,,,,,,,,,,,,,,,
FALSE,,,,,,,,,,,,,,,,,
FALSE,,,,,,,,,,,,,,,,,
FALSE,,,,,,,,,,,,,,,,,
FALSE,,,,,,,,,,,,,,,,,
FALSE,,,,,,,,,,,,,,,,,
FALSE,,,,,,,,,,,,,,,,,
FALSE,,,,,,,,,,,,,,,,,
FALSE,,,,,,,,,,,,,,,,,
FALSE,,,,,,,,,,,,,,,,,
FALSE,,,,,,,,,,,,,,,,,
FALSE,,,,,,,,,,,,,,,,,
FALSE,,,,,,,,,,,,,,,,,
FALSE,,,,,,,,,,,,,,,,,
FALSE,,,,,,,,,,,,,,,,,
FALSE,,,,,,,,,,,,,,,,,
FALSE,,,,,,,,,,,,,,,,,
FALSE,,,,,,,,,,,,,,,,,
FALSE,,,,,,,,,,,,,,,,,
FALSE,,,,,,,,,,,,,,,,,
FALSE,,,,,,,,,,,,,,,,,
FALSE,,,,,,,,,,,,,,,,,
FALSE,,,,,,,,,,,,,,,,,
FALSE,,,,,,,,,,,,,,,,,
FALSE,,,,,,,,,,,,,,,,,
FALSE,,,,,,,,,,,,,,,,,
FALSE,,,,,,,,,,,,,,,,,
FALSE,,,,,,,,,,,,,,,,,
FALSE,,,,,,,,,,,,,,,,,
FALSE,,,,,,,,,,,,,,,,,
FALSE,,,,,,,,,,,,,,,,,
FALSE,,,,,,,,,,,,,,,,,
FALSE,,,,,,,,,,,,,,,,,
FALSE,,,,,,,,,,,,,,,,,
FALSE,,,,,,,,,,,,,,,,,
FALSE,,,,,,,,,,,,,,,,,
FALSE,,,,,,,,,,,,,,,,,
FALSE,,,,,,,,,,,,,,,,,
FALSE,,,,,,,,,,,,,,,,,
FALSE,,,,,,,,,,,,,,,,,
FALSE,,,,,,,,,,,,,,,,,
FALSE,,,,,,,,,,,,,,,,,
FALSE,,,,,,,,,,,,,,,,,
FALSE,,,,,,,,,,,,,,,,,
FALSE,,,,,,,,,,,,,,,,,
FALSE,,,,,,,,,,,,,,,,,
FALSE,,,,,,,,,,,,,,,,,
FALSE,,,,,,,,,,,,,,,,,
FALSE,,,,,,,,,,,,,,,,,
FALSE,,,,,,,,,,,,,,,,,
FALSE,,,,,,,,,,,,,,,,,
FALSE,,,,,,,,,,,,,,,,,
FALSE,,,,,,,,,,,,,,,,,
FALSE,,,,,,,,,,,,,,,,,
FALSE,,,,,,,,,,,,,,,,,
FALSE,,,,,,,,,,,,,,,,,
FALSE,,,,,,,,,,,,,,,,,
FALSE,,,,,,,,,,,,,,,,,
FALSE,,,,,,,,,,,,,,,,,
FALSE,,,,,,,,,,,,,,,,,
FALSE,,,,,,,,,,,,,,,,,
FALSE,,,,,,,,,,,,,,,,,
FALSE,,,,,,,,,,,,,,,,,
FALSE,,,,,,,,,,,,,,,,,
FALSE,,,,,,,,,,,,,,,,,
FALSE,,,,,,,,,,,,,,,,,
FALSE,,,,,,,,,,,,,,,,,
FALSE,,,,,,,,,,,,,,,,,
FALSE,,,,,,,,,,,,,,,,,
FALSE,,,,,,,,,,,,,,,,,
FALSE,,,,,,,,,,,,,,,,,
FALSE,,,,,,,,,,,,,,,,,
FALSE,,,,,,,,,,,,,,,,,
FALSE,,,,,,,,,,,,,,,,,
FALSE,,,,,,,,,,,,,,,,,
FALSE,,,,,,,,,,,,,,,,,
FALSE,,,,,,,,,,,,,,,,,
FALSE,,,,,,,,,,,,,,,,,
FALSE,,,,,,,,,,,,,,,,,
FALSE,,,,,,,,,,,,,,,,,
FALSE,,,,,,,,,,,,,,,,,
FALSE,,,,,,,,,,,,,,,,,
FALSE,,,,,,,,,,,,,,,,,
FALSE,,,,,,,,,,,,,,,,,
FALSE,,,,,,,,,,,,,,,,,
FALSE,,,,,,,,,,,,,,,,,
FALSE,,,,,,,,,,,,,,,,,
FALSE,,,,,,,,,,,,,,,,,
FALSE,,,,,,,,,,,,,,,,,
FALSE,,,,,,,,,,,,,,,,,
FALSE,,,,,,,,,,,,,,,,,
FALSE,,,,,,,,,,,,,,,,,
FALSE,,,,,,,,,,,,,,,,,
FALSE,,,,,,,,,,,,,,,,,
FALSE,,,,,,,,,,,,,,,,,
FALSE,,,,,,,,,,,,,,,,,
FALSE,,,,,,,,,,,,,,,,,
FALSE,,,,,,,,,,,,,,,,,
FALSE,,,,,,,,,,,,,,,,,
FALSE,,,,,,,,,,,,,,,,,
FALSE,,,,,,,,,,,,,,,,,
FALSE,,,,,,,,,,,,,,,,,
FALSE,,,,,,,,,,,,,,,,,
FALSE,,,,,,,,,,,,,,,,,
FALSE,,,,,,,,,,,,,,,,,
FALSE,,,,,,,,,,,,,,,,,
FALSE,,,,,,,,,,,,,,,,,
FALSE,,,,,,,,,,,,,,,,,
FALSE,,,,,,,,,,,,,,,,,
FALSE,,,,,,,,,,,,,,,,,
FALSE,,,,,,,,,,,,,,,,,
FALSE,,,,,,,,,,,,,,,,,
FALSE,,,,,,,,,,,,,,,,,
FALSE,,,,,,,,,,,,,,,,,
FALSE,,,,,,,,,,,,,,,,,
FALSE,,,,,,,,,,,,,,,,,
FALSE,,,,,,,,,,,,,,,,,
FALSE,,,,,,,,,,,,,,,,,
FALSE,,,,,,,,,,,,,,,,,
FALSE,,,,,,,,,,,,,,,,,
FALSE,,,,,,,,,,,,,,,,,
FALSE,,,,,,,,,,,,,,,,,
FALSE,,,,,,,,,,,,,,,,,
FALSE,,,,,,,,,,,,,,,,,
FALSE,,,,,,,,,,,,,,,,,
FALSE,,,,,,,,,,,,,,,,,
FALSE,,,,,,,,,,,,,,,,,
FALSE,,,,,,,,,,,,,,,,,
FALSE,,,,,,,,,,,,,,,,,
FALSE,,,,,,,,,,,,,,,,,
FALSE,,,,,,,,,,,,,,,,,
FALSE,,,,,,,,,,,,,,,,,
FALSE,,,,,,,,,,,,,,,,,
FALSE,,,,,,,,,,,,,,,,,
FALSE,,,,,,,,,,,,,,,,,
FALSE,,,,,,,,,,,,,,,,,
FALSE,,,,,,,,,,,,,,,,,
FALSE,,,,,,,,,,,,,,,,,
FALSE,,,,,,,,,,,,,,,,,
FALSE,,,,,,,,,,,,,,,,,
FALSE,,,,,,,,,,,,,,,,,
FALSE,,,,,,,,,,,,,,,,,
FALSE,,,,,,,,,,,,,,,,,
FALSE,,,,,,,,,,,,,,,,,
FALSE,,,,,,,,,,,,,,,,,
FALSE,,,,,,,,,,,,,,,,,
FALSE,,,,,,,,,,,,,,,,,
FALSE,,,,,,,,,,,,,,,,,
FALSE,,,,,,,,,,,,,,,,,
FALSE,,,,,,,,,,,,,,,,,
FALSE,,,,,,,,,,,,,,,,,
FALSE,,,,,,,,,,,,,,,,,
FALSE,,,,,,,,,,,,,,,,,
FALSE,,,,,,,,,,,,,,,,,
FALSE,,,,,,,,,,,,,,,,,
FALSE,,,,,,,,,,,,,,,,,
FALSE,,,,,,,,,,,,,,,,,
FALSE,,,,,,,,,,,,,,,,,
FALSE,,,,,,,,,,,,,,,,,
FALSE,,,,,,,,,,,,,,,,,
FALSE,,,,,,,,,,,,,,,,,
FALSE,,,,,,,,,,,,,,,,,
FALSE,,,,,,,,,,,,,,,,,
FALSE,,,,,,,,,,,,,,,,,
FALSE,,,,,,,,,,,,,,,,,
FALSE,,,,,,,,,,,,,,,,,
FALSE,,,,,,,,,,,,,,,,,
FALSE,,,,,,,,,,,,,,,,,
FALSE,,,,,,,,,,,,,,,,,
FALSE,,,,,,,,,,,,,,,,,
FALSE,,,,,,,,,,,,,,,,,
FALSE,,,,,,,,,,,,,,,,,
FALSE,,,,,,,,,,,,,,,,,
FALSE,,,,,,,,,,,,,,,,,
FALSE,,,,,,,,,,,,,,,,,
FALSE,,,,,,,,,,,,,,,,,
FALSE,,,,,,,,,,,,,,,,,
FALSE,,,,,,,,,,,,,,,,,
FALSE,,,,,,,,,,,,,,,,,
FALSE,,,,,,,,,,,,,,,,,
FALSE,,,,,,,,,,,,,,,,,
FALSE,,,,,,,,,,,,,,,,,
FALSE,,,,,,,,,,,,,,,,,
FALSE,,,,,,,,,,,,,,,,,
FALSE,,,,,,,,,,,,,,,,,
FALSE,,,,,,,,,,,,,,,,,
FALSE,,,,,,,,,,,,,,,,,
FALSE,,,,,,,,,,,,,,,,,
FALSE,,,,,,,,,,,,,,,,,
FALSE,,,,,,,,,,,,,,,,,
FALSE,,,,,,,,,,,,,,,,,
FALSE,,,,,,,,,,,,,,,,,
FALSE,,,,,,,,,,,,,,,,,
FALSE,,,,,,,,,,,,,,,,,
FALSE,,,,,,,,,,,,,,,,,
FALSE,,,,,,,,,,,,,,,,,
FALSE,,,,,,,,,,,,,,,,,
FALSE,,,,,,,,,,,,,,,,,
FALSE,,,,,,,,,,,,,,,,,
FALSE,,,,,,,,,,,,,,,,,
FALSE,,,,,,,,,,,,,,,,,
FALSE,,,,,,,,,,,,,,,,,
FALSE,,,,,,,,,,,,,,,,,
FALSE,,,,,,,,,,,,,,,,,
FALSE,,,,,,,,,,,,,,,,,
FALSE,,,,,,,,,,,,,,,,,
FALSE,,,,,,,,,,,,,,,,,
FALSE,,,,,,,,,,,,,,,,,
FALSE,,,,,,,,,,,,,,,,,
FALSE,,,,,,,,,,,,,,,,,
FALSE,,,,,,,,,,,,,,,,,
FALSE,,,,,,,,,,,,,,,,,
FALSE,,,,,,,,,,,,,,,,,
FALSE,,,,,,,,,,,,,,,,,
FALSE,,,,,,,,,,,,,,,,,
FALSE,,,,,,,,,,,,,,,,,
FALSE,,,,,,,,,,,,,,,,,
FALSE,,,,,,,,,,,,,,,,,
FALSE,,,,,,,,,,,,,,,,,
FALSE,,,,,,,,,,,,,,,,,
FALSE,,,,,,,,,,,,,,,,,
FALSE,,,,,,,,,,,,,,,,,
FALSE,,,,,,,,,,,,,,,,,
FALSE,,,,,,,,,,,,,,,,,
FALSE,,,,,,,,,,,,,,,,,
FALSE,,,,,,,,,,,,,,,,,
FALSE,,,,,,,,,,,,,,,,,
FALSE,,,,,,,,,,,,,,,,,
FALSE,,,,,,,,,,,,,,,,,
FALSE,,,,,,,,,,,,,,,,,
FALSE,,,,,,,,,,,,,,,,,
FALSE,,,,,,,,,,,,,,,,,
FALSE,,,,,,,,,,,,,,,,,
FALSE,,,,,,,,,,,,,,,,,
FALSE,,,,,,,,,,,,,,,,,
FALSE,,,,,,,,,,,,,,,,,
FALSE,,,,,,,,,,,,,,,,,
FALSE,,,,,,,,,,,,,,,,,
FALSE,,,,,,,,,,,,,,,,,
FALSE,,,,,,,,,,,,,,,,,
FALSE,,,,,,,,,,,,,,,,,
FALSE,,,,,,,,,,,,,,,,,
FALSE,,,,,,,,,,,,,,,,,
FALSE,,,,,,,,,,,,,,,,,
FALSE,,,,,,,,,,,,,,,,,
FALSE,,,,,,,,,,,,,,,,,
FALSE,,,,,,,,,,,,,,,,,
FALSE,,,,,,,,,,,,,,,,,
FALSE,,,,,,,,,,,,,,,,,
FALSE,,,,,,,,,,,,,,,,,
FALSE,,,,,,,,,,,,,,,,,
FALSE,,,,,,,,,,,,,,,,,
FALSE,,,,,,,,,,,,,,,,,
FALSE,,,,,,,,,,,,,,,,,
FALSE,,,,,,,,,,,,,,,,,
FALSE,,,,,,,,,,,,,,,,,
FALSE,,,,,,,,,,,,,,,,,
FALSE,,,,,,,,,,,,,,,,,
FALSE,,,,,,,,,,,,,,,,,
FALSE,,,,,,,,,,,,,,,,,
FALSE,,,,,,,,,,,,,,,,,
FALSE,,,,,,,,,,,,,,,,,
FALSE,,,,,,,,,,,,,,,,,
FALSE,,,,,,,,,,,,,,,,,
FALSE,,,,,,,,,,,,,,,,,
FALSE,,,,,,,,,,,,,,,,,
FALSE,,,,,,,,,,,,,,,,,
FALSE,,,,,,,,,,,,,,,,,
FALSE,,,,,,,,,,,,,,,,,
FALSE,,,,,,,,,,,,,,,,,
FALSE,,,,,,,,,,,,,,,,,
FALSE,,,,,,,,,,,,,,,,,
FALSE,,,,,,,,,,,,,,,,,
FALSE,,,,,,,,,,,,,,,,,
FALSE,,,,,,,,,,,,,,,,,
FALSE,,,,,,,,,,,,,,,,,
FALSE,,,,,,,,,,,,,,,,,
FALSE,,,,,,,,,,,,,,,,,
FALSE,,,,,,,,,,,,,,,,,
FALSE,,,,,,,,,,,,,,,,,
FALSE,,,,,,,,,,,,,,,,,
FALSE,,,,,,,,,,,,,,,,,
FALSE,,,,,,,,,,,,,,,,,
FALSE,,,,,,,,,,,,,,,,,
FALSE,,,,,,,,,,,,,,,,,
FALSE,,,,,,,,,,,,,,,,,
FALSE,,,,,,,,,,,,,,,,,
FALSE,,,,,,,,,,,,,,,,,
FALSE,,,,,,,,,,,,,,,,,
FALSE,,,,,,,,,,,,,,,,,
FALSE,,,,,,,,,,,,,,,,,
FALSE,,,,,,,,,,,,,,,,,
FALSE,,,,,,,,,,,,,,,,,
FALSE,,,,,,,,,,,,,,,,,
FALSE,,,,,,,,,,,,,,,,,
FALSE,,,,,,,,,,,,,,,,,
FALSE,,,,,,,,,,,,,,,,,
FALSE,,,,,,,,,,,,,,,,,
FALSE,,,,,,,,,,,,,,,,,
FALSE,,,,,,,,,,,,,,,,,
FALSE,,,,,,,,,,,,,,,,,
FALSE,,,,,,,,,,,,,,,,,
FALSE,,,,,,,,,,,,,,,,,
FALSE,,,,,,,,,,,,,,,,,
FALSE,,,,,,,,,,,,,,,,,
FALSE,,,,,,,,,,,,,,,,,
FALSE,,,,,,,,,,,,,,,,,
FALSE,,,,,,,,,,,,,,,,,
FALSE,,,,,,,,,,,,,,,,,
FALSE,,,,,,,,,,,,,,,,,
FALSE,,,,,,,,,,,,,,,,,
FALSE,,,,,,,,,,,,,,,,,
FALSE,,,,,,,,,,,,,,,,,
FALSE,,,,,,,,,,,,,,,,,
FALSE,,,,,,,,,,,,,,,,,
FALSE,,,,,,,,,,,,,,,,,
FALSE,,,,,,,,,,,,,,,,,
FALSE,,,,,,,,,,,,,,,,,
FALSE,,,,,,,,,,,,,,,,,
FALSE,,,,,,,,,,,,,,,,,
FALSE,,,,,,,,,,,,,,,,,
FALSE,,,,,,,,,,,,,,,,,
FALSE,,,,,,,,,,,,,,,,,
FALSE,,,,,,,,,,,,,,,,,
FALSE,,,,,,,,,,,,,,,,,
FALSE,,,,,,,,,,,,,,,,,
FALSE,,,,,,,,,,,,,,,,,
FALSE,,,,,,,,,,,,,,,,,
FALSE,,,,,,,,,,,,,,,,,
FALSE,,,,,,,,,,,,,,,,,
FALSE,,,,,,,,,,,,,,,,,
FALSE,,,,,,,,,,,,,,,,,
FALSE,,,,,,,,,,,,,,,,,
FALSE,,,,,,,,,,,,,,,,,
FALSE,,,,,,,,,,,,,,,,,
FALSE,,,,,,,,,,,,,,,,,
FALSE,,,,,,,,,,,,,,,,,
FALSE,,,,,,,,,,,,,,,,,
FALSE,,,,,,,,,,,,,,,,,
FALSE,,,,,,,,,,,,,,,,,
FALSE,,,,,,,,,,,,,,,,,
FALSE,,,,,,,,,,,,,,,,,
FALSE,,,,,,,,,,,,,,,,,
FALSE,,,,,,,,,,,,,,,,,
FALSE,,,,,,,,,,,,,,,,,
FALSE,,,,,,,,,,,,,,,,,
FALSE,,,,,,,,,,,,,,,,,
FALSE,,,,,,,,,,,,,,,,,
FALSE,,,,,,,,,,,,,,,,,
FALSE,,,,,,,,,,,,,,,,,
FALSE,,,,,,,,,,,,,,,,,
FALSE,,,,,,,,,,,,,,,,,
FALSE,,,,,,,,,,,,,,,,,
FALSE,,,,,,,,,,,,,,,,,
FALSE,,,,,,,,,,,,,,,,,
FALSE,,,,,,,,,,,,,,,,,
FALSE,,,,,,,,,,,,,,,,,
FALSE,,,,,,,,,,,,,,,,,
FALSE,,,,,,,,,,,,,,,,,
FALSE,,,,,,,,,,,,,,,,,
FALSE,,,,,,,,,,,,,,,,,
FALSE,,,,,,,,,,,,,,,,,
FALSE,,,,,,,,,,,,,,,,,
FALSE,,,,,,,,,,,,,,,,,
FALSE,,,,,,,,,,,,,,,,,
FALSE,,,,,,,,,,,,,,,,,
FALSE,,,,,,,,,,,,,,,,,
FALSE,,,,,,,,,,,,,,,,,
FALSE,,,,,,,,,,,,,,,,,
FALSE,,,,,,,,,,,,,,,,,
FALSE,,,,,,,,,,,,,,,,,
FALSE,,,,,,,,,,,,,,,,,
FALSE,,,,,,,,,,,,,,,,,
FALSE,,,,,,,,,,,,,,,,,
FALSE,,,,,,,,,,,,,,,,,
FALSE,,,,,,,,,,,,,,,,,
FALSE,,,,,,,,,,,,,,,,,
FALSE,,,,,,,,,,,,,,,,,
FALSE,,,,,,,,,,,,,,,,,
FALSE,,,,,,,,,,,,,,,,,
FALSE,,,,,,,,,,,,,,,,,
FALSE,,,,,,,,,,,,,,,,,
FALSE,,,,,,,,,,,,,,,,,
FALSE,,,,,,,,,,,,,,,,,
FALSE,,,,,,,,,,,,,,,,,
FALSE,,,,,,,,,,,,,,,,,
FALSE,,,,,,,,,,,,,,,,,
FALSE,,,,,,,,,,,,,,,,,
FALSE,,,,,,,,,,,,,,,,,
FALSE,,,,,,,,,,,,,,,,,
FALSE,,,,,,,,,,,,,,,,,
FALSE,,,,,,,,,,,,,,,,,
FALSE,,,,,,,,,,,,,,,,,
FALSE,,,,,,,,,,,,,,,,,
FALSE,,,,,,,,,,,,,,,,,
FALSE,,,,,,,,,,,,,,,,,
FALSE,,,,,,,,,,,,,,,,,
FALSE,,,,,,,,,,,,,,,,,
FALSE,,,,,,,,,,,,,,,,,
FALSE,,,,,,,,,,,,,,,,,
FALSE,,,,,,,,,,,,,,,,,
FALSE,,,,,,,,,,,,,,,,,
FALSE,,,,,,,,,,,,,,,,,
FALSE,,,,,,,,,,,,,,,,,
FALSE,,,,,,,,,,,,,,,,,
FALSE,,,,,,,,,,,,,,,,,
FALSE,,,,,,,,,,,,,,,,,
FALSE,,,,,,,,,,,,,,,,,
FALSE,,,,,,,,,,,,,,,,,
FALSE,,,,,,,,,,,,,,,,,
FALSE,,,,,,,,,,,,,,,,,
FALSE,,,,,,,,,,,,,,,,,
FALSE,,,,,,,,,,,,,,,,,
FALSE,,,,,,,,,,,,,,,,,
FALSE,,,,,,,,,,,,,,,,,
FALSE,,,,,,,,,,,,,,,,,
FALSE,,,,,,,,,,,,,,,,,
FALSE,,,,,,,,,,,,,,,,,
FALSE,,,,,,,,,,,,,,,,,
FALSE,,,,,,,,,,,,,,,,,
FALSE,,,,,,,,,,,,,,,,,
FALSE,,,,,,,,,,,,,,,,,
FALSE,,,,,,,,,,,,,,,,,
FALSE,,,,,,,,,,,,,,,,,
FALSE,,,,,,,,,,,,,,,,,
FALSE,,,,,,,,,,,,,,,,,
FALSE,,,,,,,,,,,,,,,,,
FALSE,,,,,,,,,,,,,,,,,
FALSE,,,,,,,,,,,,,,,,,
FALSE,,,,,,,,,,,,,,,,,
FALSE,,,,,,,,,,,,,,,,,
FALSE,,,,,,,,,,,,,,,,,
FALSE,,,,,,,,,,,,,,,,,
FALSE,,,,,,,,,,,,,,,,,
FALSE,,,,,,,,,,,,,,,,,
FALSE,,,,,,,,,,,,,,,,,
FALSE,,,,,,,,,,,,,,,,,
FALSE,,,,,,,,,,,,,,,,,
FALSE,,,,,,,,,,,,,,,,,
FALSE,,,,,,,,,,,,,,,,,
FALSE,,,,,,,,,,,,,,,,,
FALSE,,,,,,,,,,,,,,,,,
FALSE,,,,,,,,,,,,,,,,,
FALSE,,,,,,,,,,,,,,,,,
FALSE,,,,,,,,,,,,,,,,,
FALSE,,,,,,,,,,,,,,,,,
FALSE,,,,,,,,,,,,,,,,,
FALSE,,,,,,,,,,,,,,,,,
FALSE,,,,,,,,,,,,,,,,,
FALSE,,,,,,,,,,,,,,,,,
FALSE,,,,,,,,,,,,,,,,,
FALSE,,,,,,,,,,,,,,,,,
FALSE,,,,,,,,,,,,,,,,,
FALSE,,,,,,,,,,,,,,,,,
FALSE,,,,,,,,,,,,,,,,,
FALSE,,,,,,,,,,,,,,,,,
FALSE,,,,,,,,,,,,,,,,,
FALSE,,,,,,,,,,,,,,,,,
FALSE,,,,,,,,,,,,,,,,,
FALSE,,,,,,,,,,,,,,,,,
FALSE,,,,,,,,,,,,,,,,,
FALSE,,,,,,,,,,,,,,,,,
FALSE,,,,,,,,,,,,,,,,,
FALSE,,,,,,,,,,,,,,,,,
FALSE,,,,,,,,,,,,,,,,,
FALSE,,,,,,,,,,,,,,,,,
FALSE,,,,,,,,,,,,,,,,,
FALSE,,,,,,,,,,,,,,,,,
FALSE,,,,,,,,,,,,,,,,,
FALSE,,,,,,,,,,,,,,,,,
FALSE,,,,,,,,,,,,,,,,,
FALSE,,,,,,,,,,,,,,,,,
FALSE,,,,,,,,,,,,,,,,,
FALSE,,,,,,,,,,,,,,,,,
FALSE,,,,,,,,,,,,,,,,,
FALSE,,,,,,,,,,,,,,,,,
FALSE,,,,,,,,,,,,,,,,,
FALSE,,,,,,,,,,,,,,,,,
FALSE,,,,,,,,,,,,,,,,,
FALSE,,,,,,,,,,,,,,,,,
FALSE,,,,,,,,,,,,,,,,,
FALSE,,,,,,,,,,,,,,,,,
FALSE,,,,,,,,,,,,,,,,,
FALSE,,,,,,,,,,,,,,,,,
FALSE,,,,,,,,,,,,,,,,,
FALSE,,,,,,,,,,,,,,,,,
FALSE,,,,,,,,,,,,,,,,,
FALSE,,,,,,,,,,,,,,,,,
FALSE,,,,,,,,,,,,,,,,,
FALSE,,,,,,,,,,,,,,,,,
FALSE,,,,,,,,,,,,,,,,,
FALSE,,,,,,,,,,,,,,,,,
FALSE,,,,,,,,,,,,,,,,,
FALSE,,,,,,,,,,,,,,,,,
FALSE,,,,,,,,,,,,,,,,,
FALSE,,,,,,,,,,,,,,,,,
FALSE,,,,,,,,,,,,,,,,,
FALSE,,,,,,,,,,,,,,,,,
FALSE,,,,,,,,,,,,,,,,,
FALSE,,,,,,,,,,,,,,,,,
FALSE,,,,,,,,,,,,,,,,,
FALSE,,,,,,,,,,,,,,,,,
FALSE,,,,,,,,,,,,,,,,,
FALSE,,,,,,,,,,,,,,,,,
FALSE,,,,,,,,,,,,,,,,,
FALSE,,,,,,,,,,,,,,,,,
FALSE,,,,,,,,,,,,,,,,,
FALSE,,,,,,,,,,,,,,,,,
FALSE,,,,,,,,,,,,,,,,,
FALSE,,,,,,,,,,,,,,,,,
FALSE,,,,,,,,,,,,,,,,,
FALSE,,,,,,,,,,,,,,,,,
FALSE,,,,,,,,,,,,,,,,,
FALSE,,,,,,,,,,,,,,,,,
FALSE,,,,,,,,,,,,,,,,,
FALSE,,,,,,,,,,,,,,,,,
FALSE,,,,,,,,,,,,,,,,,
FALSE,,,,,,,,,,,,,,,,,
FALSE,,,,,,,,,,,,,,,,,
FALSE,,,,,,,,,,,,,,,,,
FALSE,,,,,,,,,,,,,,,,,
FALSE,,,,,,,,,,,,,,,,,
FALSE,,,,,,,,,,,,,,,,,
FALSE,,,,,,,,,,,,,,,,,
FALSE,,,,,,,,,,,,,,,,,
FALSE,,,,,,,,,,,,,,,,,
FALSE,,,,,,,,,,,,,,,,,
FALSE,,,,,,,,,,,,,,,,,
FALSE,,,,,,,,,,,,,,,,,
FALSE,,,,,,,,,,,,,,,,,
FALSE,,,,,,,,,,,,,,,,,
FALSE,,,,,,,,,,,,,,,,,
FALSE,,,,,,,,,,,,,,,,,
FALSE,,,,,,,,,,,,,,,,,
FALSE,,,,,,,,,,,,,,,,,
FALSE,,,,,,,,,,,,,,,,,
FALSE,,,,,,,,,,,,,,,,,
FALSE,,,,,,,,,,,,,,,,,
FALSE,,,,,,,,,,,,,,,,,
FALSE,,,,,,,,,,,,,,,,,
FALSE,,,,,,,,,,,,,,,,,
FALSE,,,,,,,,,,,,,,,,,
FALSE,,,,,,,,,,,,,,,,,
FALSE,,,,,,,,,,,,,,,,,
FALSE,,,,,,,,,,,,,,,,,
FALSE,,,,,,,,,,,,,,,,,
FALSE,,,,,,,,,,,,,,,,,
FALSE,,,,,,,,,,,,,,,,,
FALSE,,,,,,,,,,,,,,,,,
FALSE,,,,,,,,,,,,,,,,,
FALSE,,,,,,,,,,,,,,,,,
FALSE,,,,,,,,,,,,,,,,,
FALSE,,,,,,,,,,,,,,,,,
FALSE,,,,,,,,,,,,,,,,,
FALSE,,,,,,,,,,,,,,,,,
FALSE,,,,,,,,,,,,,,,,,
FALSE,,,,,,,,,,,,,,,,,
FALSE,,,,,,,,,,,,,,,,,
FALSE,,,,,,,,,,,,,,,,,
FALSE,,,,,,,,,,,,,,,,,
FALSE,,,,,,,,,,,,,,,,,
FALSE,,,,,,,,,,,,,,,,,
FALSE,,,,,,,,,,,,,,,,,
FALSE,,,,,,,,,,,,,,,,,
FALSE,,,,,,,,,,,,,,,,,
FALSE,,,,,,,,,,,,,,,,,
FALSE,,,,,,,,,,,,,,,,,
FALSE,,,,,,,,,,,,,,,,,
FALSE,,,,,,,,,,,,,,,,,
FALSE,,,,,,,,,,,,,,,,,
FALSE,,,,,,,,,,,,,,,,,
FALSE,,,,,,,,,,,,,,,,,
FALSE,,,,,,,,,,,,,,,,,
FALSE,,,,,,,,,,,,,,,,,
FALSE,,,,,,,,,,,,,,,,,
FALSE,,,,,,,,,,,,,,,,,
FALSE,,,,,,,,,,,,,,,,,
FALSE,,,,,,,,,,,,,,,,,
FALSE,,,,,,,,,,,,,,,,,
FALSE,,,,,,,,,,,,,,,,,
FALSE,,,,,,,,,,,,,,,,,
FALSE,,,,,,,,,,,,,,,,,
FALSE,,,,,,,,,,,,,,,,,
FALSE,,,,,,,,,,,,,,,,,
FALSE,,,,,,,,,,,,,,,,,
FALSE,,,,,,,,,,,,,,,,,
FALSE,,,,,,,,,,,,,,,,,
FALSE,,,,,,,,,,,,,,,,,
FALSE,,,,,,,,,,,,,,,,,
FALSE,,,,,,,,,,,,,,,,,
FALSE,,,,,,,,,,,,,,,,,
FALSE,,,,,,,,,,,,,,,,,
FALSE,,,,,,,,,,,,,,,,,
FALSE,,,,,,,,,,,,,,,,,
FALSE,,,,,,,,,,,,,,,,,
FALSE,,,,,,,,,,,,,,,,,
FALSE,,,,,,,,,,,,,,,,,
FALSE,,,,,,,,,,,,,,,,,
FALSE,,,,,,,,,,,,,,,,,
FALSE,,,,,,,,,,,,,,,,,
FALSE,,,,,,,,,,,,,,,,,
FALSE,,,,,,,,,,,,,,,,,
FALSE,,,,,,,,,,,,,,,,,
FALSE,,,,,,,,,,,,,,,,,
FALSE,,,,,,,,,,,,,,,,,
FALSE,,,,,,,,,,,,,,,,,
FALSE,,,,,,,,,,,,,,,,,
FALSE,,,,,,,,,,,,,,,,,
FALSE,,,,,,,,,,,,,,,,,