Active,System,Item ID,Category,Item Name,Name Translation,Description Translation,Use Type,Place Type,Stack,Rarity,Set,Icon ID,Coin Price,Premium Price,Dollar Price,Override,Source,In Daily,In Weekly,In Static,Status,Description
TRUE,Furniture,,Seating,Oak Chair,,,Seat,Floor,Recursive Stack,Common,,,,,,---,,FALSE,FALSE,TRUE,None,
FALSE,Furniture,,Seating,Oak Stool,,,Seat,Floor,Recursive Stack,Common,,,,,  ,---,,FALSE,FALSE,TRUE,None,
FALSE,Furniture,,Seating,Basic Armchair,,,Seat,Floor,Recursive Stack,Common,,,,,  ,---,,FALSE,FALSE,TRUE,None,
FALSE,Furniture,,Seating,Folding Chair,,,Seat,Floor,Recursive Stack,Common,,,,,  ,---,,FALSE,FALSE,TRUE,None,
TRUE,Furniture,mcc:colored.island_furniture.basic_office_chair,Seating,Basic Office Chair,,,Seat,Floor,Recursive Stack,Uncommon,,,,,  ,---,,FALSE,FALSE,TRUE,Complete,
FALSE,Furniture,,Seating,Mesh Office Chair,,,Seat,Floor,Recursive Stack,Uncommon,,,,,  ,---,,FALSE,FALSE,TRUE,None,
FALSE,Furniture,,Seating,Rocking Chair,,,Seat,Floor,Recursive Stack,Uncommon,,,,,  ,---,,TRUE,TRUE,FALSE,None,
FALSE,Furniture,,Seating,Woven Chair,,,Seat,Floor,Recursive Stack,Uncommon,,,,,  ,---,,FALSE,FALSE,TRUE,None,
FALSE,Furniture,,Seating,Oak Dining Chair,,,Seat,Floor,Recursive Stack,Uncommon,,,,,  ,---,,FALSE,FALSE,TRUE,None,
FALSE,Furniture,,Seating,Square Ottoman,,,Seat,Floor,Recursive Stack,Uncommon,,,,,  ,---,,TRUE,,FALSE,None,
FALSE,Furniture,,Seating,Basic Couch,,,Seat,Floor,Recursive Stack,Uncommon,,,,,  ,---,,FALSE,FALSE,TRUE,None,
FALSE,Furniture,,Seating,Rectangular Ottoman,,,Seat,Floor,Recursive Stack,Rare,,,,,  ,---,,TRUE,TRUE,FALSE,None,
FALSE,Furniture,,Seating,Deck Chair,,,Seat,Floor,Recursive Stack,Rare,,,,,  ,---,,FALSE,FALSE,TRUE,None,
FALSE,Furniture,,Seating,Ornate Patio Chair,,,Seat,Floor,Recursive Stack,Rare,,,,,  ,---,,TRUE,TRUE,FALSE,None,
FALSE,Furniture,,Seating,Button Armchair,,,Seat,Floor,Recursive Stack,Rare,,,,,  ,---,,TRUE,TRUE,FALSE,None,
FALSE,Furniture,,Seating,L-Shaped Couch,,,Seat,Floor,Recursive Stack,Rare,,,,,  ,---,,FALSE,FALSE,TRUE,None,
FALSE,Furniture,,Seating,Recliner,,,Seat,Floor,Recursive Stack,Epic,,,,,  ,---,,TRUE,TRUE,FALSE,None,
FALSE,Furniture,,Seating,Gaming Chair,,,Seat,Floor,Recursive Stack,Epic,,,,,  ,---,,TRUE,TRUE,FALSE,Complete,
,,1x1,,,,,,,,,,,,,  ,,,FALSE,FALSE,FALSE,,
,,1x2,,,,,,,,,,,,,  ,,,FALSE,FALSE,FALSE,,
,,1x3,,,,,,,,,,,,,  ,,,FALSE,FALSE,FALSE,,
,,1x4,,,,,,,,,,,,,  ,,,FALSE,FALSE,FALSE,,
,,L,,,,,,,,,,,,,  ,,,FALSE,FALSE,FALSE,,
FALSE,,,,,,,,,,,,,,,  ,,,FALSE,FALSE,FALSE,,
FALSE,,,,,,,,,,,,,,,  ,,,FALSE,FALSE,FALSE,,
FALSE,,,,,,,,,,,,,,,  ,,,FALSE,FALSE,FALSE,,
FALSE,,,,,,,,,,,,,,,  ,,,FALSE,FALSE,FALSE,,
FALSE,,,,,,,,,,,,,,,  ,,,FALSE,FALSE,FALSE,,
FALSE,,,,,,,,,,,,,,,  ,,,FALSE,FALSE,FALSE,,
FALSE,,,,,,,,,,,,,,,  ,,,FALSE,FALSE,FALSE,,
FALSE,,,,,,,,,,,,,,,  ,,,FALSE,FALSE,FALSE,,
FALSE,,,,,,,,,,,,,,,  ,,,FALSE,FALSE,FALSE,,
FALSE,,,,,,,,,,,,,,,  ,,,FALSE,FALSE,FALSE,,
FALSE,,,,,,,,,,,,,,,  ,,,FALSE,FALSE,FALSE,,
FALSE,,,,,,,,,,,,,,,  ,,,FALSE,FALSE,FALSE,,
FALSE,,,,,,,,,,,,,,,  ,,,FALSE,FALSE,FALSE,,
FALSE,,,,,,,,,,,,,,,  ,,,FALSE,FALSE,FALSE,,
FALSE,,,,,,,,,,,,,,,  ,,,FALSE,FALSE,FALSE,,
FALSE,,,,,,,,,,,,,,,  ,,,FALSE,FALSE,FALSE,,
FALSE,,,,,,,,,,,,,,,  ,,,FALSE,FALSE,FALSE,,
FALSE,,,,,,,,,,,,,,,  ,,,FALSE,FALSE,FALSE,,
FALSE,,,,,,,,,,,,,,,  ,,,FALSE,FALSE,FALSE,,
FALSE,,,,,,,,,,,,,,,  ,,,FALSE,FALSE,FALSE,,
FALSE,,,,,,,,,,,,,,,  ,,,FALSE,FALSE,FALSE,,
FALSE,,,,,,,,,,,,,,,  ,,,FALSE,FALSE,FALSE,,
FALSE,,,,,,,,,,,,,,,  ,,,FALSE,FALSE,FALSE,,
FALSE,,,,,,,,,,,,,,,  ,,,FALSE,FALSE,FALSE,,
FALSE,,,,,,,,,,,,,,,  ,,,FALSE,FALSE,FALSE,,
FALSE,,,,,,,,,,,,,,,  ,,,FALSE,FALSE,FALSE,,
FALSE,,,,,,,,,,,,,,,  ,,,FALSE,FALSE,FALSE,,
FALSE,,,,,,,,,,,,,,,  ,,,FALSE,FALSE,FALSE,,
FALSE,,,,,,,,,,,,,,,  ,,,FALSE,FALSE,FALSE,,
FALSE,,,,,,,,,,,,,,,  ,,,FALSE,FALSE,FALSE,,
FALSE,,,,,,,,,,,,,,,  ,,,FALSE,FALSE,FALSE,,
FALSE,,,,,,,,,,,,,,,  ,,,FALSE,FALSE,FALSE,,
FALSE,,,,,,,,,,,,,,,  ,,,FALSE,FALSE,FALSE,,
FALSE,,,,,,,,,,,,,,,  ,,,FALSE,FALSE,FALSE,,
FALSE,,,,,,,,,,,,,,,  ,,,FALSE,FALSE,FALSE,,
FALSE,,,,,,,,,,,,,,,  ,,,FALSE,FALSE,FALSE,,
FALSE,,,,,,,,,,,,,,,  ,,,FALSE,FALSE,FALSE,,
FALSE,,,,,,,,,,,,,,,  ,,,FALSE,FALSE,FALSE,,
FALSE,,,,,,,,,,,,,,,  ,,,FALSE,FALSE,FALSE,,
FALSE,,,,,,,,,,,,,,,  ,,,FALSE,FALSE,FALSE,,
FALSE,,,,,,,,,,,,,,,  ,,,FALSE,FALSE,FALSE,,
FALSE,,,,,,,,,,,,,,,  ,,,FALSE,FALSE,FALSE,,
FALSE,,,,,,,,,,,,,,,  ,,,FALSE,FALSE,FALSE,,
FALSE,,,,,,,,,,,,,,,  ,,,FALSE,FALSE,FALSE,,
FALSE,,,,,,,,,,,,,,,  ,,,FALSE,FALSE,FALSE,,
FALSE,,,,,,,,,,,,,,,  ,,,FALSE,FALSE,FALSE,,
FALSE,,,,,,,,,,,,,,,  ,,,FALSE,FALSE,FALSE,,
FALSE,,,,,,,,,,,,,,,  ,,,FALSE,FALSE,FALSE,,
FALSE,,,,,,,,,,,,,,,  ,,,FALSE,FALSE,FALSE,,
FALSE,,,,,,,,,,,,,,,  ,,,FALSE,FALSE,FALSE,,
FALSE,,,,,,,,,,,,,,,  ,,,FALSE,FALSE,FALSE,,
FALSE,,,,,,,,,,,,,,,  ,,,FALSE,FALSE,FALSE,,
FALSE,,,,,,,,,,,,,,,  ,,,FALSE,FALSE,FALSE,,
FALSE,,,,,,,,,,,,,,,  ,,,FALSE,FALSE,FALSE,,
FALSE,,,,,,,,,,,,,,,  ,,,FALSE,FALSE,FALSE,,
FALSE,,,,,,,,,,,,,,,  ,,,FALSE,FALSE,FALSE,,
FALSE,,,,,,,,,,,,,,,  ,,,FALSE,FALSE,FALSE,,
FALSE,,,,,,,,,,,,,,,  ,,,FALSE,FALSE,FALSE,,
FALSE,,,,,,,,,,,,,,,  ,,,FALSE,FALSE,FALSE,,
FALSE,,,,,,,,,,,,,,,  ,,,FALSE,FALSE,FALSE,,
FALSE,,,,,,,,,,,,,,,  ,,,FALSE,FALSE,FALSE,,
FALSE,,,,,,,,,,,,,,,  ,,,FALSE,FALSE,FALSE,,
FALSE,,,,,,,,,,,,,,,  ,,,FALSE,FALSE,FALSE,,
FALSE,,,,,,,,,,,,,,,  ,,,FALSE,FALSE,FALSE,,
FALSE,,,,,,,,,,,,,,,  ,,,FALSE,FALSE,FALSE,,
FALSE,,,,,,,,,,,,,,,  ,,,FALSE,FALSE,FALSE,,
FALSE,,,,,,,,,,,,,,,  ,,,FALSE,FALSE,FALSE,,
FALSE,,,,,,,,,,,,,,,  ,,,FALSE,FALSE,FALSE,,
FALSE,,,,,,,,,,,,,,,  ,,,FALSE,FALSE,FALSE,,
FALSE,,,,,,,,,,,,,,,  ,,,FALSE,FALSE,FALSE,,
FALSE,,,,,,,,,,,,,,,  ,,,FALSE,FALSE,FALSE,,
FALSE,,,,,,,,,,,,,,,  ,,,FALSE,FALSE,FALSE,,
FALSE,,,,,,,,,,,,,,,  ,,,FALSE,FALSE,FALSE,,
FALSE,,,,,,,,,,,,,,,  ,,,FALSE,FALSE,FALSE,,
FALSE,,,,,,,,,,,,,,,  ,,,FALSE,FALSE,FALSE,,
FALSE,,,,,,,,,,,,,,,  ,,,FALSE,FALSE,FALSE,,
FALSE,,,,,,,,,,,,,,,  ,,,FALSE,FALSE,FALSE,,
FALSE,,,,,,,,,,,,,,,  ,,,FALSE,FALSE,FALSE,,
FALSE,,,,,,,,,,,,,,,  ,,,FALSE,FALSE,FALSE,,
FALSE,,,,,,,,,,,,,,,  ,,,FALSE,FALSE,FALSE,,
FALSE,,,,,,,,,,,,,,,  ,,,FALSE,FALSE,FALSE,,
FALSE,,,,,,,,,,,,,,,  ,,,FALSE,FALSE,FALSE,,
FALSE,,,,,,,,,,,,,,,  ,,,FALSE,FALSE,FALSE,,
FALSE,,,,,,,,,,,,,,,  ,,,FALSE,FALSE,FALSE,,
FALSE,,,,,,,,,,,,,,,  ,,,FALSE,FALSE,FALSE,,
FALSE,,,,,,,,,,,,,,,  ,,,FALSE,FALSE,FALSE,,
FALSE,,,,,,,,,,,,,,,  ,,,FALSE,FALSE,FALSE,,
FALSE,,,,,,,,,,,,,,,  ,,,FALSE,FALSE,FALSE,,
FALSE,,,,,,,,,,,,,,,  ,,,FALSE,FALSE,FALSE,,
FALSE,,,,,,,,,,,,,,,  ,,,FALSE,FALSE,FALSE,,
FALSE,,,,,,,,,,,,,,,  ,,,FALSE,FALSE,FALSE,,
FALSE,,,,,,,,,,,,,,,  ,,,FALSE,FALSE,FALSE,,
FALSE,,,,,,,,,,,,,,,  ,,,FALSE,FALSE,FALSE,,
FALSE,,,,,,,,,,,,,,,  ,,,FALSE,FALSE,FALSE,,
FALSE,,,,,,,,,,,,,,,  ,,,FALSE,FALSE,FALSE,,
FALSE,,,,,,,,,,,,,,,  ,,,FALSE,FALSE,FALSE,,
FALSE,,,,,,,,,,,,,,,  ,,,FALSE,FALSE,FALSE,,
FALSE,,,,,,,,,,,,,,,  ,,,FALSE,FALSE,FALSE,,
FALSE,,,,,,,,,,,,,,,  ,,,FALSE,FALSE,FALSE,,
FALSE,,,,,,,,,,,,,,,  ,,,FALSE,FALSE,FALSE,,
FALSE,,,,,,,,,,,,,,,  ,,,FALSE,FALSE,FALSE,,
FALSE,,,,,,,,,,,,,,,  ,,,FALSE,FALSE,FALSE,,
FALSE,,,,,,,,,,,,,,,  ,,,FALSE,FALSE,FALSE,,
FALSE,,,,,,,,,,,,,,,  ,,,FALSE,FALSE,FALSE,,
FALSE,,,,,,,,,,,,,,,  ,,,FALSE,FALSE,FALSE,,
FALSE,,,,,,,,,,,,,,,  ,,,FALSE,FALSE,FALSE,,
FALSE,,,,,,,,,,,,,,,  ,,,FALSE,FALSE,FALSE,,
FALSE,,,,,,,,,,,,,,,  ,,,FALSE,FALSE,FALSE,,
FALSE,,,,,,,,,,,,,,,  ,,,FALSE,FALSE,FALSE,,
FALSE,,,,,,,,,,,,,,,  ,,,FALSE,FALSE,FALSE,,
FALSE,,,,,,,,,,,,,,,  ,,,FALSE,FALSE,FALSE,,
FALSE,,,,,,,,,,,,,,,  ,,,FALSE,FALSE,FALSE,,
FALSE,,,,,,,,,,,,,,,  ,,,FALSE,FALSE,FALSE,,
FALSE,,,,,,,,,,,,,,,  ,,,FALSE,FALSE,FALSE,,
FALSE,,,,,,,,,,,,,,,  ,,,FALSE,FALSE,FALSE,,
FALSE,,,,,,,,,,,,,,,  ,,,FALSE,FALSE,FALSE,,
FALSE,,,,,,,,,,,,,,,  ,,,FALSE,FALSE,FALSE,,
FALSE,,,,,,,,,,,,,,,  ,,,FALSE,FALSE,FALSE,,
FALSE,,,,,,,,,,,,,,,  ,,,FALSE,FALSE,FALSE,,
FALSE,,,,,,,,,,,,,,,  ,,,FALSE,FALSE,FALSE,,
FALSE,,,,,,,,,,,,,,,  ,,,FALSE,FALSE,FALSE,,
FALSE,,,,,,,,,,,,,,,  ,,,FALSE,FALSE,FALSE,,
FALSE,,,,,,,,,,,,,,,  ,,,FALSE,FALSE,FALSE,,
FALSE,,,,,,,,,,,,,,,  ,,,FALSE,FALSE,FALSE,,
FALSE,,,,,,,,,,,,,,,  ,,,FALSE,FALSE,FALSE,,
FALSE,,,,,,,,,,,,,,,  ,,,FALSE,FALSE,FALSE,,
FALSE,,,,,,,,,,,,,,,  ,,,FALSE,FALSE,FALSE,,
FALSE,,,,,,,,,,,,,,,  ,,,FALSE,FALSE,FALSE,,
FALSE,,,,,,,,,,,,,,,  ,,,FALSE,FALSE,FALSE,,
FALSE,,,,,,,,,,,,,,,  ,,,FALSE,FALSE,FALSE,,
FALSE,,,,,,,,,,,,,,,  ,,,FALSE,FALSE,FALSE,,
FALSE,,,,,,,,,,,,,,,  ,,,FALSE,FALSE,FALSE,,
FALSE,,,,,,,,,,,,,,,  ,,,FALSE,FALSE,FALSE,,
FALSE,,,,,,,,,,,,,,,  ,,,FALSE,FALSE,FALSE,,
FALSE,,,,,,,,,,,,,,,  ,,,FALSE,FALSE,FALSE,,
FALSE,,,,,,,,,,,,,,,  ,,,FALSE,FALSE,FALSE,,
FALSE,,,,,,,,,,,,,,,  ,,,FALSE,FALSE,FALSE,,
FALSE,,,,,,,,,,,,,,,  ,,,FALSE,FALSE,FALSE,,
FALSE,,,,,,,,,,,,,,,  ,,,FALSE,FALSE,FALSE,,
FALSE,,,,,,,,,,,,,,,  ,,,FALSE,FALSE,FALSE,,
FALSE,,,,,,,,,,,,,,,  ,,,FALSE,FALSE,FALSE,,
FALSE,,,,,,,,,,,,,,,  ,,,FALSE,FALSE,FALSE,,
FALSE,,,,,,,,,,,,,,,  ,,,FALSE,FALSE,FALSE,,
FALSE,,,,,,,,,,,,,,,  ,,,FALSE,FALSE,FALSE,,
FALSE,,,,,,,,,,,,,,,  ,,,FALSE,FALSE,FALSE,,
FALSE,,,,,,,,,,,,,,,  ,,,FALSE,FALSE,FALSE,,
FALSE,,,,,,,,,,,,,,,  ,,,FALSE,FALSE,FALSE,,
FALSE,,,,,,,,,,,,,,,  ,,,FALSE,FALSE,FALSE,,
FALSE,,,,,,,,,,,,,,,  ,,,FALSE,FALSE,FALSE,,
FALSE,,,,,,,,,,,,,,,  ,,,FALSE,FALSE,FALSE,,
FALSE,,,,,,,,,,,,,,,  ,,,FALSE,FALSE,FALSE,,
FALSE,,,,,,,,,,,,,,,  ,,,FALSE,FALSE,FALSE,,
FALSE,,,,,,,,,,,,,,,  ,,,FALSE,FALSE,FALSE,,
FALSE,,,,,,,,,,,,,,,  ,,,FALSE,FALSE,FALSE,,
FALSE,,,,,,,,,,,,,,,  ,,,FALSE,FALSE,FALSE,,
FALSE,,,,,,,,,,,,,,,  ,,,FALSE,FALSE,FALSE,,
FALSE,,,,,,,,,,,,,,,  ,,,FALSE,FALSE,FALSE,,
FALSE,,,,,,,,,,,,,,,  ,,,FALSE,FALSE,FALSE,,
FALSE,,,,,,,,,,,,,,,  ,,,FALSE,FALSE,FALSE,,
FALSE,,,,,,,,,,,,,,,  ,,,FALSE,FALSE,FALSE,,
FALSE,,,,,,,,,,,,,,,  ,,,FALSE,FALSE,FALSE,,
FALSE,,,,,,,,,,,,,,,  ,,,FALSE,FALSE,FALSE,,
FALSE,,,,,,,,,,,,,,,  ,,,FALSE,FALSE,FALSE,,
FALSE,,,,,,,,,,,,,,,  ,,,FALSE,FALSE,FALSE,,
FALSE,,,,,,,,,,,,,,,  ,,,FALSE,FALSE,FALSE,,
FALSE,,,,,,,,,,,,,,,  ,,,FALSE,FALSE,FALSE,,
FALSE,,,,,,,,,,,,,,,  ,,,FALSE,FALSE,FALSE,,
FALSE,,,,,,,,,,,,,,,  ,,,FALSE,FALSE,FALSE,,
FALSE,,,,,,,,,,,,,,,  ,,,FALSE,FALSE,FALSE,,
FALSE,,,,,,,,,,,,,,,  ,,,FALSE,FALSE,FALSE,,
FALSE,,,,,,,,,,,,,,,  ,,,FALSE,FALSE,FALSE,,
FALSE,,,,,,,,,,,,,,,  ,,,FALSE,FALSE,FALSE,,
FALSE,,,,,,,,,,,,,,,  ,,,FALSE,FALSE,FALSE,,
FALSE,,,,,,,,,,,,,,,  ,,,FALSE,FALSE,FALSE,,
FALSE,,,,,,,,,,,,,,,  ,,,FALSE,FALSE,FALSE,,
FALSE,,,,,,,,,,,,,,,  ,,,FALSE,FALSE,FALSE,,
FALSE,,,,,,,,,,,,,,,  ,,,FALSE,FALSE,FALSE,,
FALSE,,,,,,,,,,,,,,,  ,,,FALSE,FALSE,FALSE,,
FALSE,,,,,,,,,,,,,,,  ,,,FALSE,FALSE,FALSE,,
FALSE,,,,,,,,,,,,,,,  ,,,FALSE,FALSE,FALSE,,
FALSE,,,,,,,,,,,,,,,  ,,,FALSE,FALSE,FALSE,,
FALSE,,,,,,,,,,,,,,,  ,,,FALSE,FALSE,FALSE,,
FALSE,,,,,,,,,,,,,,,  ,,,FALSE,FALSE,FALSE,,
FALSE,,,,,,,,,,,,,,,  ,,,FALSE,FALSE,FALSE,,
FALSE,,,,,,,,,,,,,,,  ,,,FALSE,FALSE,FALSE,,
FALSE,,,,,,,,,,,,,,,  ,,,FALSE,FALSE,FALSE,,
FALSE,,,,,,,,,,,,,,,  ,,,FALSE,FALSE,FALSE,,
FALSE,,,,,,,,,,,,,,,  ,,,FALSE,FALSE,FALSE,,
FALSE,,,,,,,,,,,,,,,  ,,,FALSE,FALSE,FALSE,,
FALSE,,,,,,,,,,,,,,,  ,,,FALSE,FALSE,FALSE,,
FALSE,,,,,,,,,,,,,,,  ,,,FALSE,FALSE,FALSE,,
FALSE,,,,,,,,,,,,,,,  ,,,FALSE,FALSE,FALSE,,
FALSE,,,,,,,,,,,,,,,  ,,,FALSE,FALSE,FALSE,,
FALSE,,,,,,,,,,,,,,,  ,,,FALSE,FALSE,FALSE,,
FALSE,,,,,,,,,,,,,,,  ,,,FALSE,FALSE,FALSE,,
FALSE,,,,,,,,,,,,,,,  ,,,FALSE,FALSE,FALSE,,
FALSE,,,,,,,,,,,,,,,  ,,,FALSE,FALSE,FALSE,,
FALSE,,,,,,,,,,,,,,,  ,,,FALSE,FALSE,FALSE,,
FALSE,,,,,,,,,,,,,,,  ,,,FALSE,FALSE,FALSE,,
FALSE,,,,,,,,,,,,,,,  ,,,FALSE,FALSE,FALSE,,
FALSE,,,,,,,,,,,,,,,  ,,,FALSE,FALSE,FALSE,,
FALSE,,,,,,,,,,,,,,,  ,,,FALSE,FALSE,FALSE,,
FALSE,,,,,,,,,,,,,,,  ,,,FALSE,FALSE,FALSE,,
FALSE,,,,,,,,,,,,,,,  ,,,FALSE,FALSE,FALSE,,
FALSE,,,,,,,,,,,,,,,  ,,,FALSE,FALSE,FALSE,,
FALSE,,,,,,,,,,,,,,,  ,,,FALSE,FALSE,FALSE,,
FALSE,,,,,,,,,,,,,,,  ,,,FALSE,FALSE,FALSE,,
FALSE,,,,,,,,,,,,,,,  ,,,FALSE,FALSE,FALSE,,
FALSE,,,,,,,,,,,,,,,  ,,,FALSE,FALSE,FALSE,,
FALSE,,,,,,,,,,,,,,,  ,,,FALSE,FALSE,FALSE,,
FALSE,,,,,,,,,,,,,,,  ,,,FALSE,FALSE,FALSE,,
FALSE,,,,,,,,,,,,,,,  ,,,FALSE,FALSE,FALSE,,
FALSE,,,,,,,,,,,,,,,  ,,,FALSE,FALSE,FALSE,,
FALSE,,,,,,,,,,,,,,,  ,,,FALSE,FALSE,FALSE,,
FALSE,,,,,,,,,,,,,,,  ,,,FALSE,FALSE,FALSE,,
FALSE,,,,,,,,,,,,,,,  ,,,FALSE,FALSE,FALSE,,
FALSE,,,,,,,,,,,,,,,  ,,,FALSE,FALSE,FALSE,,
FALSE,,,,,,,,,,,,,,,  ,,,FALSE,FALSE,FALSE,,
FALSE,,,,,,,,,,,,,,,  ,,,FALSE,FALSE,FALSE,,
FALSE,,,,,,,,,,,,,,,  ,,,FALSE,FALSE,FALSE,,
FALSE,,,,,,,,,,,,,,,  ,,,FALSE,FALSE,FALSE,,
FALSE,,,,,,,,,,,,,,,  ,,,FALSE,FALSE,FALSE,,
FALSE,,,,,,,,,,,,,,,  ,,,FALSE,FALSE,FALSE,,
FALSE,,,,,,,,,,,,,,,  ,,,FALSE,FALSE,FALSE,,
FALSE,,,,,,,,,,,,,,,  ,,,FALSE,FALSE,FALSE,,
FALSE,,,,,,,,,,,,,,,  ,,,FALSE,FALSE,FALSE,,
FALSE,,,,,,,,,,,,,,,  ,,,FALSE,FALSE,FALSE,,
FALSE,,,,,,,,,,,,,,,  ,,,FALSE,FALSE,FALSE,,
FALSE,,,,,,,,,,,,,,,  ,,,FALSE,FALSE,FALSE,,
FALSE,,,,,,,,,,,,,,,  ,,,FALSE,FALSE,FALSE,,
FALSE,,,,,,,,,,,,,,,  ,,,FALSE,FALSE,FALSE,,
FALSE,,,,,,,,,,,,,,,  ,,,FALSE,FALSE,FALSE,,
FALSE,,,,,,,,,,,,,,,  ,,,FALSE,FALSE,FALSE,,
FALSE,,,,,,,,,,,,,,,  ,,,FALSE,FALSE,FALSE,,
FALSE,,,,,,,,,,,,,,,  ,,,FALSE,FALSE,FALSE,,
FALSE,,,,,,,,,,,,,,,  ,,,FALSE,FALSE,FALSE,,
FALSE,,,,,,,,,,,,,,,  ,,,FALSE,FALSE,FALSE,,
FALSE,,,,,,,,,,,,,,,  ,,,FALSE,FALSE,FALSE,,
FALSE,,,,,,,,,,,,,,,  ,,,FALSE,FALSE,FALSE,,
FALSE,,,,,,,,,,,,,,,  ,,,FALSE,FALSE,FALSE,,
FALSE,,,,,,,,,,,,,,,  ,,,FALSE,FALSE,FALSE,,
FALSE,,,,,,,,,,,,,,,  ,,,FALSE,FALSE,FALSE,,
FALSE,,,,,,,,,,,,,,,  ,,,FALSE,FALSE,FALSE,,
FALSE,,,,,,,,,,,,,,,  ,,,FALSE,FALSE,FALSE,,
FALSE,,,,,,,,,,,,,,,  ,,,FALSE,FALSE,FALSE,,
FALSE,,,,,,,,,,,,,,,  ,,,FALSE,FALSE,FALSE,,
FALSE,,,,,,,,,,,,,,,  ,,,FALSE,FALSE,FALSE,,
FALSE,,,,,,,,,,,,,,,  ,,,FALSE,FALSE,FALSE,,
FALSE,,,,,,,,,,,,,,,  ,,,FALSE,FALSE,FALSE,,
FALSE,,,,,,,,,,,,,,,  ,,,FALSE,FALSE,FALSE,,
FALSE,,,,,,,,,,,,,,,  ,,,FALSE,FALSE,FALSE,,
FALSE,,,,,,,,,,,,,,,  ,,,FALSE,FALSE,FALSE,,
FALSE,,,,,,,,,,,,,,,  ,,,FALSE,FALSE,FALSE,,
FALSE,,,,,,,,,,,,,,,  ,,,FALSE,FALSE,FALSE,,
FALSE,,,,,,,,,,,,,,,  ,,,FALSE,FALSE,FALSE,,
FALSE,,,,,,,,,,,,,,,  ,,,FALSE,FALSE,FALSE,,
FALSE,,,,,,,,,,,,,,,  ,,,FALSE,FALSE,FALSE,,
FALSE,,,,,,,,,,,,,,,  ,,,FALSE,FALSE,FALSE,,
FALSE,,,,,,,,,,,,,,,  ,,,FALSE,FALSE,FALSE,,
FALSE,,,,,,,,,,,,,,,  ,,,FALSE,FALSE,FALSE,,
FALSE,,,,,,,,,,,,,,,  ,,,FALSE,FALSE,FALSE,,
FALSE,,,,,,,,,,,,,,,  ,,,FALSE,FALSE,FALSE,,
FALSE,,,,,,,,,,,,,,,  ,,,FALSE,FALSE,FALSE,,
FALSE,,,,,,,,,,,,,,,  ,,,FALSE,FALSE,FALSE,,
FALSE,,,,,,,,,,,,,,,  ,,,FALSE,FALSE,FALSE,,
FALSE,,,,,,,,,,,,,,,  ,,,FALSE,FALSE,FALSE,,
FALSE,,,,,,,,,,,,,,,  ,,,FALSE,FALSE,FALSE,,
FALSE,,,,,,,,,,,,,,,  ,,,FALSE,FALSE,FALSE,,
FALSE,,,,,,,,,,,,,,,  ,,,FALSE,FALSE,FALSE,,
FALSE,,,,,,,,,,,,,,,  ,,,FALSE,FALSE,FALSE,,
FALSE,,,,,,,,,,,,,,,  ,,,FALSE,FALSE,FALSE,,
FALSE,,,,,,,,,,,,,,,  ,,,FALSE,FALSE,FALSE,,
FALSE,,,,,,,,,,,,,,,  ,,,FALSE,FALSE,FALSE,,
FALSE,,,,,,,,,,,,,,,  ,,,FALSE,FALSE,FALSE,,
FALSE,,,,,,,,,,,,,,,  ,,,FALSE,FALSE,FALSE,,
FALSE,,,,,,,,,,,,,,,  ,,,FALSE,FALSE,FALSE,,
FALSE,,,,,,,,,,,,,,,  ,,,FALSE,FALSE,FALSE,,
FALSE,,,,,,,,,,,,,,,  ,,,FALSE,FALSE,FALSE,,
FALSE,,,,,,,,,,,,,,,  ,,,FALSE,FALSE,FALSE,,
FALSE,,,,,,,,,,,,,,,  ,,,FALSE,FALSE,FALSE,,
FALSE,,,,,,,,,,,,,,,  ,,,FALSE,FALSE,FALSE,,
FALSE,,,,,,,,,,,,,,,  ,,,FALSE,FALSE,FALSE,,
FALSE,,,,,,,,,,,,,,,  ,,,FALSE,FALSE,FALSE,,
FALSE,,,,,,,,,,,,,,,  ,,,FALSE,FALSE,FALSE,,
FALSE,,,,,,,,,,,,,,,  ,,,FALSE,FALSE,FALSE,,
FALSE,,,,,,,,,,,,,,,  ,,,FALSE,FALSE,FALSE,,
FALSE,,,,,,,,,,,,,,,  ,,,FALSE,FALSE,FALSE,,
FALSE,,,,,,,,,,,,,,,  ,,,FALSE,FALSE,FALSE,,
FALSE,,,,,,,,,,,,,,,  ,,,FALSE,FALSE,FALSE,,
FALSE,,,,,,,,,,,,,,,  ,,,FALSE,FALSE,FALSE,,
FALSE,,,,,,,,,,,,,,,  ,,,FALSE,FALSE,FALSE,,
FALSE,,,,,,,,,,,,,,,  ,,,FALSE,FALSE,FALSE,,
FALSE,,,,,,,,,,,,,,,  ,,,FALSE,FALSE,FALSE,,
FALSE,,,,,,,,,,,,,,,  ,,,FALSE,FALSE,FALSE,,
FALSE,,,,,,,,,,,,,,,  ,,,FALSE,FALSE,FALSE,,
FALSE,,,,,,,,,,,,,,,  ,,,FALSE,FALSE,FALSE,,
FALSE,,,,,,,,,,,,,,,  ,,,FALSE,FALSE,FALSE,,
FALSE,,,,,,,,,,,,,,,  ,,,FALSE,FALSE,FALSE,,
FALSE,,,,,,,,,,,,,,,  ,,,FALSE,FALSE,FALSE,,
FALSE,,,,,,,,,,,,,,,  ,,,FALSE,FALSE,FALSE,,
FALSE,,,,,,,,,,,,,,,  ,,,FALSE,FALSE,FALSE,,
FALSE,,,,,,,,,,,,,,,  ,,,FALSE,FALSE,FALSE,,
FALSE,,,,,,,,,,,,,,,  ,,,FALSE,FALSE,FALSE,,
FALSE,,,,,,,,,,,,,,,  ,,,FALSE,FALSE,FALSE,,
FALSE,,,,,,,,,,,,,,,  ,,,FALSE,FALSE,FALSE,,
FALSE,,,,,,,,,,,,,,,  ,,,FALSE,FALSE,FALSE,,
FALSE,,,,,,,,,,,,,,,  ,,,FALSE,FALSE,FALSE,,
FALSE,,,,,,,,,,,,,,,  ,,,FALSE,FALSE,FALSE,,
FALSE,,,,,,,,,,,,,,,  ,,,FALSE,FALSE,FALSE,,
FALSE,,,,,,,,,,,,,,,  ,,,FALSE,FALSE,FALSE,,
FALSE,,,,,,,,,,,,,,,  ,,,FALSE,FALSE,FALSE,,
FALSE,,,,,,,,,,,,,,,  ,,,FALSE,FALSE,FALSE,,
FALSE,,,,,,,,,,,,,,,  ,,,FALSE,FALSE,FALSE,,
FALSE,,,,,,,,,,,,,,,  ,,,FALSE,FALSE,FALSE,,
FALSE,,,,,,,,,,,,,,,  ,,,FALSE,FALSE,FALSE,,
FALSE,,,,,,,,,,,,,,,  ,,,FALSE,FALSE,FALSE,,
FALSE,,,,,,,,,,,,,,,  ,,,FALSE,FALSE,FALSE,,
FALSE,,,,,,,,,,,,,,,  ,,,FALSE,FALSE,FALSE,,
FALSE,,,,,,,,,,,,,,,  ,,,FALSE,FALSE,FALSE,,
FALSE,,,,,,,,,,,,,,,  ,,,FALSE,FALSE,FALSE,,
FALSE,,,,,,,,,,,,,,,  ,,,FALSE,FALSE,FALSE,,
FALSE,,,,,,,,,,,,,,,  ,,,FALSE,FALSE,FALSE,,
FALSE,,,,,,,,,,,,,,,  ,,,FALSE,FALSE,FALSE,,
FALSE,,,,,,,,,,,,,,,  ,,,FALSE,FALSE,FALSE,,
FALSE,,,,,,,,,,,,,,,  ,,,FALSE,FALSE,FALSE,,
FALSE,,,,,,,,,,,,,,,  ,,,FALSE,FALSE,FALSE,,
FALSE,,,,,,,,,,,,,,,  ,,,FALSE,FALSE,FALSE,,
FALSE,,,,,,,,,,,,,,,  ,,,FALSE,FALSE,FALSE,,
FALSE,,,,,,,,,,,,,,,  ,,,FALSE,FALSE,FALSE,,
FALSE,,,,,,,,,,,,,,,  ,,,FALSE,FALSE,FALSE,,
FALSE,,,,,,,,,,,,,,,  ,,,FALSE,FALSE,FALSE,,
FALSE,,,,,,,,,,,,,,,  ,,,FALSE,FALSE,FALSE,,
FALSE,,,,,,,,,,,,,,,  ,,,FALSE,FALSE,FALSE,,
FALSE,,,,,,,,,,,,,,,  ,,,FALSE,FALSE,FALSE,,
FALSE,,,,,,,,,,,,,,,  ,,,FALSE,FALSE,FALSE,,
FALSE,,,,,,,,,,,,,,,  ,,,FALSE,FALSE,FALSE,,
FALSE,,,,,,,,,,,,,,,  ,,,FALSE,FALSE,FALSE,,
FALSE,,,,,,,,,,,,,,,  ,,,FALSE,FALSE,FALSE,,
FALSE,,,,,,,,,,,,,,,  ,,,FALSE,FALSE,FALSE,,
FALSE,,,,,,,,,,,,,,,  ,,,FALSE,FALSE,FALSE,,
FALSE,,,,,,,,,,,,,,,  ,,,FALSE,FALSE,FALSE,,
FALSE,,,,,,,,,,,,,,,  ,,,FALSE,FALSE,FALSE,,
FALSE,,,,,,,,,,,,,,,  ,,,FALSE,FALSE,FALSE,,
FALSE,,,,,,,,,,,,,,,  ,,,FALSE,FALSE,FALSE,,
FALSE,,,,,,,,,,,,,,,  ,,,FALSE,FALSE,FALSE,,
FALSE,,,,,,,,,,,,,,,  ,,,FALSE,FALSE,FALSE,,
FALSE,,,,,,,,,,,,,,,  ,,,FALSE,FALSE,FALSE,,
FALSE,,,,,,,,,,,,,,,  ,,,FALSE,FALSE,FALSE,,
FALSE,,,,,,,,,,,,,,,  ,,,FALSE,FALSE,FALSE,,
FALSE,,,,,,,,,,,,,,,  ,,,FALSE,FALSE,FALSE,,
FALSE,,,,,,,,,,,,,,,  ,,,FALSE,FALSE,FALSE,,
FALSE,,,,,,,,,,,,,,,  ,,,FALSE,FALSE,FALSE,,
FALSE,,,,,,,,,,,,,,,  ,,,FALSE,FALSE,FALSE,,
FALSE,,,,,,,,,,,,,,,  ,,,FALSE,FALSE,FALSE,,
FALSE,,,,,,,,,,,,,,,  ,,,FALSE,FALSE,FALSE,,
FALSE,,,,,,,,,,,,,,,  ,,,FALSE,FALSE,FALSE,,
FALSE,,,,,,,,,,,,,,,  ,,,FALSE,FALSE,FALSE,,
FALSE,,,,,,,,,,,,,,,  ,,,FALSE,FALSE,FALSE,,
FALSE,,,,,,,,,,,,,,,  ,,,FALSE,FALSE,FALSE,,
FALSE,,,,,,,,,,,,,,,  ,,,FALSE,FALSE,FALSE,,
FALSE,,,,,,,,,,,,,,,  ,,,FALSE,FALSE,FALSE,,
FALSE,,,,,,,,,,,,,,,  ,,,FALSE,FALSE,FALSE,,
FALSE,,,,,,,,,,,,,,,  ,,,FALSE,FALSE,FALSE,,
FALSE,,,,,,,,,,,,,,,  ,,,FALSE,FALSE,FALSE,,
FALSE,,,,,,,,,,,,,,,  ,,,FALSE,FALSE,FALSE,,
FALSE,,,,,,,,,,,,,,,  ,,,FALSE,FALSE,FALSE,,
FALSE,,,,,,,,,,,,,,,  ,,,FALSE,FALSE,FALSE,,
FALSE,,,,,,,,,,,,,,,  ,,,FALSE,FALSE,FALSE,,
FALSE,,,,,,,,,,,,,,,  ,,,FALSE,FALSE,FALSE,,
FALSE,,,,,,,,,,,,,,,  ,,,FALSE,FALSE,FALSE,,
FALSE,,,,,,,,,,,,,,,  ,,,FALSE,FALSE,FALSE,,
FALSE,,,,,,,,,,,,,,,  ,,,FALSE,FALSE,FALSE,,
FALSE,,,,,,,,,,,,,,,  ,,,FALSE,FALSE,FALSE,,
FALSE,,,,,,,,,,,,,,,  ,,,FALSE,FALSE,FALSE,,
FALSE,,,,,,,,,,,,,,,  ,,,FALSE,FALSE,FALSE,,
FALSE,,,,,,,,,,,,,,,  ,,,FALSE,FALSE,FALSE,,
FALSE,,,,,,,,,,,,,,,  ,,,FALSE,FALSE,FALSE,,
FALSE,,,,,,,,,,,,,,,  ,,,FALSE,FALSE,FALSE,,
FALSE,,,,,,,,,,,,,,,  ,,,FALSE,FALSE,FALSE,,
FALSE,,,,,,,,,,,,,,,  ,,,FALSE,FALSE,FALSE,,
FALSE,,,,,,,,,,,,,,,  ,,,FALSE,FALSE,FALSE,,
FALSE,,,,,,,,,,,,,,,  ,,,FALSE,FALSE,FALSE,,
FALSE,,,,,,,,,,,,,,,  ,,,FALSE,FALSE,FALSE,,
FALSE,,,,,,,,,,,,,,,  ,,,FALSE,FALSE,FALSE,,
FALSE,,,,,,,,,,,,,,,  ,,,FALSE,FALSE,FALSE,,
FALSE,,,,,,,,,,,,,,,  ,,,FALSE,FALSE,FALSE,,
FALSE,,,,,,,,,,,,,,,  ,,,FALSE,FALSE,FALSE,,
FALSE,,,,,,,,,,,,,,,  ,,,FALSE,FALSE,FALSE,,
FALSE,,,,,,,,,,,,,,,  ,,,FALSE,FALSE,FALSE,,
FALSE,,,,,,,,,,,,,,,  ,,,FALSE,FALSE,FALSE,,
FALSE,,,,,,,,,,,,,,,  ,,,FALSE,FALSE,FALSE,,
FALSE,,,,,,,,,,,,,,,  ,,,FALSE,FALSE,FALSE,,
FALSE,,,,,,,,,,,,,,,  ,,,FALSE,FALSE,FALSE,,
FALSE,,,,,,,,,,,,,,,  ,,,FALSE,FALSE,FALSE,,
FALSE,,,,,,,,,,,,,,,  ,,,FALSE,FALSE,FALSE,,
FALSE,,,,,,,,,,,,,,,  ,,,FALSE,FALSE,FALSE,,
FALSE,,,,,,,,,,,,,,,  ,,,FALSE,FALSE,FALSE,,
FALSE,,,,,,,,,,,,,,,  ,,,FALSE,FALSE,FALSE,,
FALSE,,,,,,,,,,,,,,,  ,,,FALSE,FALSE,FALSE,,
FALSE,,,,,,,,,,,,,,,  ,,,FALSE,FALSE,FALSE,,
FALSE,,,,,,,,,,,,,,,  ,,,FALSE,FALSE,FALSE,,
FALSE,,,,,,,,,,,,,,,  ,,,FALSE,FALSE,FALSE,,
FALSE,,,,,,,,,,,,,,,  ,,,FALSE,FALSE,FALSE,,
FALSE,,,,,,,,,,,,,,,  ,,,FALSE,FALSE,FALSE,,
FALSE,,,,,,,,,,,,,,,  ,,,FALSE,FALSE,FALSE,,
FALSE,,,,,,,,,,,,,,,  ,,,FALSE,FALSE,FALSE,,
FALSE,,,,,,,,,,,,,,,  ,,,FALSE,FALSE,FALSE,,
FALSE,,,,,,,,,,,,,,,  ,,,FALSE,FALSE,FALSE,,
FALSE,,,,,,,,,,,,,,,  ,,,FALSE,FALSE,FALSE,,
FALSE,,,,,,,,,,,,,,,  ,,,FALSE,FALSE,FALSE,,
FALSE,,,,,,,,,,,,,,,  ,,,FALSE,FALSE,FALSE,,
FALSE,,,,,,,,,,,,,,,  ,,,FALSE,FALSE,FALSE,,
FALSE,,,,,,,,,,,,,,,  ,,,FALSE,FALSE,FALSE,,
FALSE,,,,,,,,,,,,,,,  ,,,FALSE,FALSE,FALSE,,
FALSE,,,,,,,,,,,,,,,  ,,,FALSE,FALSE,FALSE,,
FALSE,,,,,,,,,,,,,,,  ,,,FALSE,FALSE,FALSE,,
FALSE,,,,,,,,,,,,,,,  ,,,FALSE,FALSE,FALSE,,
FALSE,,,,,,,,,,,,,,,  ,,,FALSE,FALSE,FALSE,,
FALSE,,,,,,,,,,,,,,,  ,,,FALSE,FALSE,FALSE,,
FALSE,,,,,,,,,,,,,,,  ,,,FALSE,FALSE,FALSE,,
FALSE,,,,,,,,,,,,,,,  ,,,FALSE,FALSE,FALSE,,
FALSE,,,,,,,,,,,,,,,  ,,,FALSE,FALSE,FALSE,,
FALSE,,,,,,,,,,,,,,,  ,,,FALSE,FALSE,FALSE,,
FALSE,,,,,,,,,,,,,,,  ,,,FALSE,FALSE,FALSE,,
FALSE,,,,,,,,,,,,,,,  ,,,FALSE,FALSE,FALSE,,
FALSE,,,,,,,,,,,,,,,  ,,,FALSE,FALSE,FALSE,,
FALSE,,,,,,,,,,,,,,,  ,,,FALSE,FALSE,FALSE,,
FALSE,,,,,,,,,,,,,,,  ,,,FALSE,FALSE,FALSE,,
FALSE,,,,,,,,,,,,,,,  ,,,FALSE,FALSE,FALSE,,
FALSE,,,,,,,,,,,,,,,  ,,,FALSE,FALSE,FALSE,,
FALSE,,,,,,,,,,,,,,,  ,,,FALSE,FALSE,FALSE,,
FALSE,,,,,,,,,,,,,,,  ,,,FALSE,FALSE,FALSE,,
FALSE,,,,,,,,,,,,,,,  ,,,FALSE,FALSE,FALSE,,
FALSE,,,,,,,,,,,,,,,  ,,,FALSE,FALSE,FALSE,,
FALSE,,,,,,,,,,,,,,,  ,,,FALSE,FALSE,FALSE,,
FALSE,,,,,,,,,,,,,,,  ,,,FALSE,FALSE,FALSE,,
FALSE,,,,,,,,,,,,,,,  ,,,FALSE,FALSE,FALSE,,
FALSE,,,,,,,,,,,,,,,  ,,,FALSE,FALSE,FALSE,,
FALSE,,,,,,,,,,,,,,,  ,,,FALSE,FALSE,FALSE,,
FALSE,,,,,,,,,,,,,,,  ,,,FALSE,FALSE,FALSE,,
FALSE,,,,,,,,,,,,,,,  ,,,FALSE,FALSE,FALSE,,
FALSE,,,,,,,,,,,,,,,  ,,,FALSE,FALSE,FALSE,,
FALSE,,,,,,,,,,,,,,,  ,,,FALSE,FALSE,FALSE,,
FALSE,,,,,,,,,,,,,,,  ,,,FALSE,FALSE,FALSE,,
FALSE,,,,,,,,,,,,,,,  ,,,FALSE,FALSE,FALSE,,
FALSE,,,,,,,,,,,,,,,  ,,,FALSE,FALSE,FALSE,,
FALSE,,,,,,,,,,,,,,,  ,,,FALSE,FALSE,FALSE,,
FALSE,,,,,,,,,,,,,,,  ,,,FALSE,FALSE,FALSE,,
FALSE,,,,,,,,,,,,,,,  ,,,FALSE,FALSE,FALSE,,
FALSE,,,,,,,,,,,,,,,  ,,,FALSE,FALSE,FALSE,,
FALSE,,,,,,,,,,,,,,,  ,,,FALSE,FALSE,FALSE,,
FALSE,,,,,,,,,,,,,,,  ,,,FALSE,FALSE,FALSE,,
FALSE,,,,,,,,,,,,,,,  ,,,FALSE,FALSE,FALSE,,
FALSE,,,,,,,,,,,,,,,  ,,,FALSE,FALSE,FALSE,,
FALSE,,,,,,,,,,,,,,,  ,,,FALSE,FALSE,FALSE,,
FALSE,,,,,,,,,,,,,,,  ,,,FALSE,FALSE,FALSE,,
FALSE,,,,,,,,,,,,,,,  ,,,FALSE,FALSE,FALSE,,
FALSE,,,,,,,,,,,,,,,  ,,,FALSE,FALSE,FALSE,,
FALSE,,,,,,,,,,,,,,,  ,,,FALSE,FALSE,FALSE,,
FALSE,,,,,,,,,,,,,,,  ,,,FALSE,FALSE,FALSE,,
FALSE,,,,,,,,,,,,,,,  ,,,FALSE,FALSE,FALSE,,
FALSE,,,,,,,,,,,,,,,  ,,,FALSE,FALSE,FALSE,,
FALSE,,,,,,,,,,,,,,,  ,,,FALSE,FALSE,FALSE,,
FALSE,,,,,,,,,,,,,,,  ,,,FALSE,FALSE,FALSE,,
FALSE,,,,,,,,,,,,,,,  ,,,FALSE,FALSE,FALSE,,
FALSE,,,,,,,,,,,,,,,  ,,,FALSE,FALSE,FALSE,,
FALSE,,,,,,,,,,,,,,,  ,,,FALSE,FALSE,FALSE,,
FALSE,,,,,,,,,,,,,,,  ,,,FALSE,FALSE,FALSE,,
FALSE,,,,,,,,,,,,,,,  ,,,FALSE,FALSE,FALSE,,
FALSE,,,,,,,,,,,,,,,  ,,,FALSE,FALSE,FALSE,,
FALSE,,,,,,,,,,,,,,,  ,,,FALSE,FALSE,FALSE,,
FALSE,,,,,,,,,,,,,,,  ,,,FALSE,FALSE,FALSE,,
FALSE,,,,,,,,,,,,,,,  ,,,FALSE,FALSE,FALSE,,
FALSE,,,,,,,,,,,,,,,  ,,,FALSE,FALSE,FALSE,,
FALSE,,,,,,,,,,,,,,,  ,,,FALSE,FALSE,FALSE,,
FALSE,,,,,,,,,,,,,,,  ,,,FALSE,FALSE,FALSE,,
FALSE,,,,,,,,,,,,,,,  ,,,FALSE,FALSE,FALSE,,
FALSE,,,,,,,,,,,,,,,  ,,,FALSE,FALSE,FALSE,,
FALSE,,,,,,,,,,,,,,,  ,,,FALSE,FALSE,FALSE,,
FALSE,,,,,,,,,,,,,,,  ,,,FALSE,FALSE,FALSE,,
FALSE,,,,,,,,,,,,,,,  ,,,FALSE,FALSE,FALSE,,
FALSE,,,,,,,,,,,,,,,  ,,,FALSE,FALSE,FALSE,,
FALSE,,,,,,,,,,,,,,,  ,,,FALSE,FALSE,FALSE,,
FALSE,,,,,,,,,,,,,,,  ,,,FALSE,FALSE,FALSE,,
FALSE,,,,,,,,,,,,,,,  ,,,FALSE,FALSE,FALSE,,
FALSE,,,,,,,,,,,,,,,  ,,,FALSE,FALSE,FALSE,,
FALSE,,,,,,,,,,,,,,,  ,,,FALSE,FALSE,FALSE,,
FALSE,,,,,,,,,,,,,,,  ,,,FALSE,FALSE,FALSE,,
FALSE,,,,,,,,,,,,,,,  ,,,FALSE,FALSE,FALSE,,
FALSE,,,,,,,,,,,,,,,  ,,,FALSE,FALSE,FALSE,,
FALSE,,,,,,,,,,,,,,,  ,,,FALSE,FALSE,FALSE,,
FALSE,,,,,,,,,,,,,,,  ,,,FALSE,FALSE,FALSE,,
FALSE,,,,,,,,,,,,,,,  ,,,FALSE,FALSE,FALSE,,
FALSE,,,,,,,,,,,,,,,  ,,,FALSE,FALSE,FALSE,,
FALSE,,,,,,,,,,,,,,,  ,,,FALSE,FALSE,FALSE,,
FALSE,,,,,,,,,,,,,,,  ,,,FALSE,FALSE,FALSE,,
FALSE,,,,,,,,,,,,,,,  ,,,FALSE,FALSE,FALSE,,
FALSE,,,,,,,,,,,,,,,  ,,,FALSE,FALSE,FALSE,,
FALSE,,,,,,,,,,,,,,,  ,,,FALSE,FALSE,FALSE,,
FALSE,,,,,,,,,,,,,,,  ,,,FALSE,FALSE,FALSE,,
FALSE,,,,,,,,,,,,,,,  ,,,FALSE,FALSE,FALSE,,
FALSE,,,,,,,,,,,,,,,  ,,,FALSE,FALSE,FALSE,,
FALSE,,,,,,,,,,,,,,,  ,,,FALSE,FALSE,FALSE,,
FALSE,,,,,,,,,,,,,,,  ,,,FALSE,FALSE,FALSE,,
FALSE,,,,,,,,,,,,,,,  ,,,FALSE,FALSE,FALSE,,
FALSE,,,,,,,,,,,,,,,  ,,,FALSE,FALSE,FALSE,,
FALSE,,,,,,,,,,,,,,,  ,,,FALSE,FALSE,FALSE,,
FALSE,,,,,,,,,,,,,,,  ,,,FALSE,FALSE,FALSE,,
FALSE,,,,,,,,,,,,,,,  ,,,FALSE,FALSE,FALSE,,
FALSE,,,,,,,,,,,,,,,  ,,,FALSE,FALSE,FALSE,,
FALSE,,,,,,,,,,,,,,,  ,,,FALSE,FALSE,FALSE,,
FALSE,,,,,,,,,,,,,,,  ,,,FALSE,FALSE,FALSE,,
FALSE,,,,,,,,,,,,,,,  ,,,FALSE,FALSE,FALSE,,
FALSE,,,,,,,,,,,,,,,  ,,,FALSE,FALSE,FALSE,,
FALSE,,,,,,,,,,,,,,,  ,,,FALSE,FALSE,FALSE,,
FALSE,,,,,,,,,,,,,,,  ,,,FALSE,FALSE,FALSE,,
FALSE,,,,,,,,,,,,,,,  ,,,FALSE,FALSE,FALSE,,
FALSE,,,,,,,,,,,,,,,  ,,,FALSE,FALSE,FALSE,,
FALSE,,,,,,,,,,,,,,,  ,,,FALSE,FALSE,FALSE,,
FALSE,,,,,,,,,,,,,,,  ,,,FALSE,FALSE,FALSE,,
FALSE,,,,,,,,,,,,,,,  ,,,FALSE,FALSE,FALSE,,
FALSE,,,,,,,,,,,,,,,  ,,,FALSE,FALSE,FALSE,,
FALSE,,,,,,,,,,,,,,,  ,,,FALSE,FALSE,FALSE,,
FALSE,,,,,,,,,,,,,,,  ,,,FALSE,FALSE,FALSE,,
FALSE,,,,,,,,,,,,,,,  ,,,FALSE,FALSE,FALSE,,
FALSE,,,,,,,,,,,,,,,  ,,,FALSE,FALSE,FALSE,,
FALSE,,,,,,,,,,,,,,,  ,,,FALSE,FALSE,FALSE,,
FALSE,,,,,,,,,,,,,,,  ,,,FALSE,FALSE,FALSE,,
FALSE,,,,,,,,,,,,,,,  ,,,FALSE,FALSE,FALSE,,
FALSE,,,,,,,,,,,,,,,  ,,,FALSE,FALSE,FALSE,,
FALSE,,,,,,,,,,,,,,,  ,,,FALSE,FALSE,FALSE,,
FALSE,,,,,,,,,,,,,,,  ,,,FALSE,FALSE,FALSE,,
FALSE,,,,,,,,,,,,,,,  ,,,FALSE,FALSE,FALSE,,
FALSE,,,,,,,,,,,,,,,  ,,,FALSE,FALSE,FALSE,,
FALSE,,,,,,,,,,,,,,,  ,,,FALSE,FALSE,FALSE,,
FALSE,,,,,,,,,,,,,,,  ,,,FALSE,FALSE,FALSE,,
FALSE,,,,,,,,,,,,,,,  ,,,FALSE,FALSE,FALSE,,
FALSE,,,,,,,,,,,,,,,  ,,,FALSE,FALSE,FALSE,,
FALSE,,,,,,,,,,,,,,,  ,,,FALSE,FALSE,FALSE,,
FALSE,,,,,,,,,,,,,,,  ,,,FALSE,FALSE,FALSE,,
FALSE,,,,,,,,,,,,,,,  ,,,FALSE,FALSE,FALSE,,
FALSE,,,,,,,,,,,,,,,  ,,,FALSE,FALSE,FALSE,,
FALSE,,,,,,,,,,,,,,,  ,,,FALSE,FALSE,FALSE,,
FALSE,,,,,,,,,,,,,,,  ,,,FALSE,FALSE,FALSE,,
FALSE,,,,,,,,,,,,,,,  ,,,FALSE,FALSE,FALSE,,
FALSE,,,,,,,,,,,,,,,  ,,,FALSE,FALSE,FALSE,,
FALSE,,,,,,,,,,,,,,,  ,,,FALSE,FALSE,FALSE,,
FALSE,,,,,,,,,,,,,,,  ,,,FALSE,FALSE,FALSE,,
FALSE,,,,,,,,,,,,,,,  ,,,FALSE,FALSE,FALSE,,
FALSE,,,,,,,,,,,,,,,  ,,,FALSE,FALSE,FALSE,,
FALSE,,,,,,,,,,,,,,,  ,,,FALSE,FALSE,FALSE,,
FALSE,,,,,,,,,,,,,,,  ,,,FALSE,FALSE,FALSE,,
FALSE,,,,,,,,,,,,,,,  ,,,FALSE,FALSE,FALSE,,
FALSE,,,,,,,,,,,,,,,  ,,,FALSE,FALSE,FALSE,,
FALSE,,,,,,,,,,,,,,,  ,,,FALSE,FALSE,FALSE,,
FALSE,,,,,,,,,,,,,,,  ,,,FALSE,FALSE,FALSE,,
FALSE,,,,,,,,,,,,,,,  ,,,FALSE,FALSE,FALSE,,
FALSE,,,,,,,,,,,,,,,  ,,,FALSE,FALSE,FALSE,,
FALSE,,,,,,,,,,,,,,,  ,,,FALSE,FALSE,FALSE,,
FALSE,,,,,,,,,,,,,,,  ,,,FALSE,FALSE,FALSE,,
FALSE,,,,,,,,,,,,,,,  ,,,FALSE,FALSE,FALSE,,
FALSE,,,,,,,,,,,,,,,  ,,,FALSE,FALSE,FALSE,,
FALSE,,,,,,,,,,,,,,,  ,,,FALSE,FALSE,FALSE,,
FALSE,,,,,,,,,,,,,,,  ,,,FALSE,FALSE,FALSE,,
FALSE,,,,,,,,,,,,,,,  ,,,FALSE,FALSE,FALSE,,
FALSE,,,,,,,,,,,,,,,  ,,,FALSE,FALSE,FALSE,,
FALSE,,,,,,,,,,,,,,,  ,,,FALSE,FALSE,FALSE,,
FALSE,,,,,,,,,,,,,,,  ,,,FALSE,FALSE,FALSE,,
FALSE,,,,,,,,,,,,,,,  ,,,FALSE,FALSE,FALSE,,
FALSE,,,,,,,,,,,,,,,  ,,,FALSE,FALSE,FALSE,,
FALSE,,,,,,,,,,,,,,,  ,,,FALSE,FALSE,FALSE,,
FALSE,,,,,,,,,,,,,,,  ,,,FALSE,FALSE,FALSE,,
FALSE,,,,,,,,,,,,,,,  ,,,FALSE,FALSE,FALSE,,
FALSE,,,,,,,,,,,,,,,  ,,,FALSE,FALSE,FALSE,,
FALSE,,,,,,,,,,,,,,,  ,,,FALSE,FALSE,FALSE,,
FALSE,,,,,,,,,,,,,,,  ,,,FALSE,FALSE,FALSE,,
FALSE,,,,,,,,,,,,,,,  ,,,FALSE,FALSE,FALSE,,
FALSE,,,,,,,,,,,,,,,  ,,,FALSE,FALSE,FALSE,,
FALSE,,,,,,,,,,,,,,,  ,,,FALSE,FALSE,FALSE,,
FALSE,,,,,,,,,,,,,,,  ,,,FALSE,FALSE,FALSE,,
FALSE,,,,,,,,,,,,,,,  ,,,FALSE,FALSE,FALSE,,
FALSE,,,,,,,,,,,,,,,  ,,,FALSE,FALSE,FALSE,,
FALSE,,,,,,,,,,,,,,,  ,,,FALSE,FALSE,FALSE,,
FALSE,,,,,,,,,,,,,,,  ,,,FALSE,FALSE,FALSE,,
FALSE,,,,,,,,,,,,,,,  ,,,FALSE,FALSE,FALSE,,
FALSE,,,,,,,,,,,,,,,  ,,,FALSE,FALSE,FALSE,,
FALSE,,,,,,,,,,,,,,,  ,,,FALSE,FALSE,FALSE,,
FALSE,,,,,,,,,,,,,,,  ,,,FALSE,FALSE,FALSE,,
FALSE,,,,,,,,,,,,,,,  ,,,FALSE,FALSE,FALSE,,
FALSE,,,,,,,,,,,,,,,  ,,,FALSE,FALSE,FALSE,,
FALSE,,,,,,,,,,,,,,,  ,,,FALSE,FALSE,FALSE,,
FALSE,,,,,,,,,,,,,,,  ,,,FALSE,FALSE,FALSE,,
FALSE,,,,,,,,,,,,,,,  ,,,FALSE,FALSE,FALSE,,
FALSE,,,,,,,,,,,,,,,  ,,,FALSE,FALSE,FALSE,,
FALSE,,,,,,,,,,,,,,,  ,,,FALSE,FALSE,FALSE,,
FALSE,,,,,,,,,,,,,,,  ,,,FALSE,FALSE,FALSE,,
FALSE,,,,,,,,,,,,,,,  ,,,FALSE,FALSE,FALSE,,
FALSE,,,,,,,,,,,,,,,  ,,,FALSE,FALSE,FALSE,,
FALSE,,,,,,,,,,,,,,,  ,,,FALSE,FALSE,FALSE,,
FALSE,,,,,,,,,,,,,,,  ,,,FALSE,FALSE,FALSE,,
FALSE,,,,,,,,,,,,,,,  ,,,FALSE,FALSE,FALSE,,
FALSE,,,,,,,,,,,,,,,  ,,,FALSE,FALSE,FALSE,,
FALSE,,,,,,,,,,,,,,,  ,,,FALSE,FALSE,FALSE,,
FALSE,,,,,,,,,,,,,,,  ,,,FALSE,FALSE,FALSE,,
FALSE,,,,,,,,,,,,,,,  ,,,FALSE,FALSE,FALSE,,
FALSE,,,,,,,,,,,,,,,  ,,,FALSE,FALSE,FALSE,,
FALSE,,,,,,,,,,,,,,,  ,,,FALSE,FALSE,FALSE,,
FALSE,,,,,,,,,,,,,,,  ,,,FALSE,FALSE,FALSE,,
FALSE,,,,,,,,,,,,,,,  ,,,FALSE,FALSE,FALSE,,
FALSE,,,,,,,,,,,,,,,  ,,,FALSE,FALSE,FALSE,,
FALSE,,,,,,,,,,,,,,,  ,,,FALSE,FALSE,FALSE,,
FALSE,,,,,,,,,,,,,,,  ,,,FALSE,FALSE,FALSE,,
FALSE,,,,,,,,,,,,,,,  ,,,FALSE,FALSE,FALSE,,
FALSE,,,,,,,,,,,,,,,  ,,,FALSE,FALSE,FALSE,,
FALSE,,,,,,,,,,,,,,,  ,,,FALSE,FALSE,FALSE,,
FALSE,,,,,,,,,,,,,,,  ,,,FALSE,FALSE,FALSE,,
FALSE,,,,,,,,,,,,,,,  ,,,FALSE,FALSE,FALSE,,
FALSE,,,,,,,,,,,,,,,  ,,,FALSE,FALSE,FALSE,,
FALSE,,,,,,,,,,,,,,,  ,,,FALSE,FALSE,FALSE,,
FALSE,,,,,,,,,,,,,,,  ,,,FALSE,FALSE,FALSE,,
FALSE,,,,,,,,,,,,,,,  ,,,FALSE,FALSE,FALSE,,
FALSE,,,,,,,,,,,,,,,  ,,,FALSE,FALSE,FALSE,,
FALSE,,,,,,,,,,,,,,,  ,,,FALSE,FALSE,FALSE,,
FALSE,,,,,,,,,,,,,,,  ,,,FALSE,FALSE,FALSE,,
FALSE,,,,,,,,,,,,,,,  ,,,FALSE,FALSE,FALSE,,
FALSE,,,,,,,,,,,,,,,  ,,,FALSE,FALSE,FALSE,,
FALSE,,,,,,,,,,,,,,,  ,,,FALSE,FALSE,FALSE,,
FALSE,,,,,,,,,,,,,,,  ,,,FALSE,FALSE,FALSE,,
FALSE,,,,,,,,,,,,,,,  ,,,FALSE,FALSE,FALSE,,
FALSE,,,,,,,,,,,,,,,  ,,,FALSE,FALSE,FALSE,,
FALSE,,,,,,,,,,,,,,,  ,,,FALSE,FALSE,FALSE,,
FALSE,,,,,,,,,,,,,,,  ,,,FALSE,FALSE,FALSE,,
FALSE,,,,,,,,,,,,,,,  ,,,FALSE,FALSE,FALSE,,
FALSE,,,,,,,,,,,,,,,  ,,,FALSE,FALSE,FALSE,,
FALSE,,,,,,,,,,,,,,,  ,,,FALSE,FALSE,FALSE,,
FALSE,,,,,,,,,,,,,,,  ,,,FALSE,FALSE,FALSE,,
FALSE,,,,,,,,,,,,,,,  ,,,FALSE,FALSE,FALSE,,
FALSE,,,,,,,,,,,,,,,  ,,,FALSE,FALSE,FALSE,,
FALSE,,,,,,,,,,,,,,,  ,,,FALSE,FALSE,FALSE,,
FALSE,,,,,,,,,,,,,,,  ,,,FALSE,FALSE,FALSE,,
FALSE,,,,,,,,,,,,,,,  ,,,FALSE,FALSE,FALSE,,
FALSE,,,,,,,,,,,,,,,  ,,,FALSE,FALSE,FALSE,,
FALSE,,,,,,,,,,,,,,,  ,,,FALSE,FALSE,FALSE,,
FALSE,,,,,,,,,,,,,,,  ,,,FALSE,FALSE,FALSE,,
FALSE,,,,,,,,,,,,,,,  ,,,FALSE,FALSE,FALSE,,
FALSE,,,,,,,,,,,,,,,  ,,,FALSE,FALSE,FALSE,,
FALSE,,,,,,,,,,,,,,,  ,,,FALSE,FALSE,FALSE,,
FALSE,,,,,,,,,,,,,,,  ,,,FALSE,FALSE,FALSE,,
FALSE,,,,,,,,,,,,,,,  ,,,FALSE,FALSE,FALSE,,
FALSE,,,,,,,,,,,,,,,  ,,,FALSE,FALSE,FALSE,,
FALSE,,,,,,,,,,,,,,,  ,,,FALSE,FALSE,FALSE,,
FALSE,,,,,,,,,,,,,,,  ,,,FALSE,FALSE,FALSE,,
FALSE,,,,,,,,,,,,,,,  ,,,FALSE,FALSE,FALSE,,
FALSE,,,,,,,,,,,,,,,  ,,,FALSE,FALSE,FALSE,,
FALSE,,,,,,,,,,,,,,,  ,,,FALSE,FALSE,FALSE,,
FALSE,,,,,,,,,,,,,,,  ,,,FALSE,FALSE,FALSE,,
FALSE,,,,,,,,,,,,,,,  ,,,FALSE,FALSE,FALSE,,
FALSE,,,,,,,,,,,,,,,  ,,,FALSE,FALSE,FALSE,,
FALSE,,,,,,,,,,,,,,,  ,,,FALSE,FALSE,FALSE,,
FALSE,,,,,,,,,,,,,,,  ,,,FALSE,FALSE,FALSE,,
FALSE,,,,,,,,,,,,,,,  ,,,FALSE,FALSE,FALSE,,
FALSE,,,,,,,,,,,,,,,  ,,,FALSE,FALSE,FALSE,,
FALSE,,,,,,,,,,,,,,,  ,,,FALSE,FALSE,FALSE,,
FALSE,,,,,,,,,,,,,,,  ,,,FALSE,FALSE,FALSE,,
FALSE,,,,,,,,,,,,,,,  ,,,FALSE,FALSE,FALSE,,
FALSE,,,,,,,,,,,,,,,  ,,,FALSE,FALSE,FALSE,,
FALSE,,,,,,,,,,,,,,,  ,,,FALSE,FALSE,FALSE,,
FALSE,,,,,,,,,,,,,,,  ,,,FALSE,FALSE,FALSE,,
FALSE,,,,,,,,,,,,,,,  ,,,FALSE,FALSE,FALSE,,
FALSE,,,,,,,,,,,,,,,  ,,,FALSE,FALSE,FALSE,,
FALSE,,,,,,,,,,,,,,,  ,,,FALSE,FALSE,FALSE,,
FALSE,,,,,,,,,,,,,,,  ,,,FALSE,FALSE,FALSE,,
FALSE,,,,,,,,,,,,,,,  ,,,FALSE,FALSE,FALSE,,
FALSE,,,,,,,,,,,,,,,  ,,,FALSE,FALSE,FALSE,,
FALSE,,,,,,,,,,,,,,,  ,,,FALSE,FALSE,FALSE,,
FALSE,,,,,,,,,,,,,,,  ,,,FALSE,FALSE,FALSE,,
FALSE,,,,,,,,,,,,,,,  ,,,FALSE,FALSE,FALSE,,
FALSE,,,,,,,,,,,,,,,  ,,,FALSE,FALSE,FALSE,,
FALSE,,,,,,,,,,,,,,,  ,,,FALSE,FALSE,FALSE,,
FALSE,,,,,,,,,,,,,,,  ,,,FALSE,FALSE,FALSE,,
FALSE,,,,,,,,,,,,,,,  ,,,FALSE,FALSE,FALSE,,
FALSE,,,,,,,,,,,,,,,  ,,,FALSE,FALSE,FALSE,,
FALSE,,,,,,,,,,,,,,,  ,,,FALSE,FALSE,FALSE,,
FALSE,,,,,,,,,,,,,,,  ,,,FALSE,FALSE,FALSE,,
FALSE,,,,,,,,,,,,,,,  ,,,FALSE,FALSE,FALSE,,
FALSE,,,,,,,,,,,,,,,  ,,,FALSE,FALSE,FALSE,,
FALSE,,,,,,,,,,,,,,,  ,,,FALSE,FALSE,FALSE,,
FALSE,,,,,,,,,,,,,,,  ,,,FALSE,FALSE,FALSE,,
FALSE,,,,,,,,,,,,,,,  ,,,FALSE,FALSE,FALSE,,
FALSE,,,,,,,,,,,,,,,  ,,,FALSE,FALSE,FALSE,,
FALSE,,,,,,,,,,,,,,,  ,,,FALSE,FALSE,FALSE,,
FALSE,,,,,,,,,,,,,,,  ,,,FALSE,FALSE,FALSE,,
FALSE,,,,,,,,,,,,,,,  ,,,FALSE,FALSE,FALSE,,
FALSE,,,,,,,,,,,,,,,  ,,,FALSE,FALSE,FALSE,,
FALSE,,,,,,,,,,,,,,,  ,,,FALSE,FALSE,FALSE,,
FALSE,,,,,,,,,,,,,,,  ,,,FALSE,FALSE,FALSE,,
FALSE,,,,,,,,,,,,,,,  ,,,FALSE,FALSE,FALSE,,
FALSE,,,,,,,,,,,,,,,  ,,,FALSE,FALSE,FALSE,,
FALSE,,,,,,,,,,,,,,,  ,,,FALSE,FALSE,FALSE,,
FALSE,,,,,,,,,,,,,,,  ,,,FALSE,FALSE,FALSE,,
FALSE,,,,,,,,,,,,,,,  ,,,FALSE,FALSE,FALSE,,
FALSE,,,,,,,,,,,,,,,  ,,,FALSE,FALSE,FALSE,,
FALSE,,,,,,,,,,,,,,,  ,,,FALSE,FALSE,FALSE,,
FALSE,,,,,,,,,,,,,,,  ,,,FALSE,FALSE,FALSE,,
FALSE,,,,,,,,,,,,,,,  ,,,FALSE,FALSE,FALSE,,
FALSE,,,,,,,,,,,,,,,  ,,,FALSE,FALSE,FALSE,,
FALSE,,,,,,,,,,,,,,,  ,,,FALSE,FALSE,FALSE,,
FALSE,,,,,,,,,,,,,,,  ,,,FALSE,FALSE,FALSE,,
FALSE,,,,,,,,,,,,,,,  ,,,FALSE,FALSE,FALSE,,
FALSE,,,,,,,,,,,,,,,  ,,,FALSE,FALSE,FALSE,,
FALSE,,,,,,,,,,,,,,,  ,,,FALSE,FALSE,FALSE,,
FALSE,,,,,,,,,,,,,,,  ,,,FALSE,FALSE,FALSE,,
FALSE,,,,,,,,,,,,,,,  ,,,FALSE,FALSE,FALSE,,
FALSE,,,,,,,,,,,,,,,  ,,,FALSE,FALSE,FALSE,,
FALSE,,,,,,,,,,,,,,,  ,,,FALSE,FALSE,FALSE,,
FALSE,,,,,,,,,,,,,,,  ,,,FALSE,FALSE,FALSE,,
FALSE,,,,,,,,,,,,,,,  ,,,FALSE,FALSE,FALSE,,
FALSE,,,,,,,,,,,,,,,  ,,,FALSE,FALSE,FALSE,,
FALSE,,,,,,,,,,,,,,,  ,,,FALSE,FALSE,FALSE,,
FALSE,,,,,,,,,,,,,,,  ,,,FALSE,FALSE,FALSE,,
FALSE,,,,,,,,,,,,,,,  ,,,FALSE,FALSE,FALSE,,
FALSE,,,,,,,,,,,,,,,  ,,,FALSE,FALSE,FALSE,,
FALSE,,,,,,,,,,,,,,,  ,,,FALSE,FALSE,FALSE,,
FALSE,,,,,,,,,,,,,,,  ,,,FALSE,FALSE,FALSE,,
FALSE,,,,,,,,,,,,,,,  ,,,FALSE,FALSE,FALSE,,
FALSE,,,,,,,,,,,,,,,  ,,,FALSE,FALSE,FALSE,,
FALSE,,,,,,,,,,,,,,,  ,,,FALSE,FALSE,FALSE,,
FALSE,,,,,,,,,,,,,,,  ,,,FALSE,FALSE,FALSE,,
FALSE,,,,,,,,,,,,,,,  ,,,FALSE,FALSE,FALSE,,
FALSE,,,,,,,,,,,,,,,  ,,,FALSE,FALSE,FALSE,,
FALSE,,,,,,,,,,,,,,,  ,,,FALSE,FALSE,FALSE,,
FALSE,,,,,,,,,,,,,,,  ,,,FALSE,FALSE,FALSE,,
FALSE,,,,,,,,,,,,,,,  ,,,FALSE,FALSE,FALSE,,
FALSE,,,,,,,,,,,,,,,  ,,,FALSE,FALSE,FALSE,,
FALSE,,,,,,,,,,,,,,,  ,,,FALSE,FALSE,FALSE,,
FALSE,,,,,,,,,,,,,,,  ,,,FALSE,FALSE,FALSE,,
FALSE,,,,,,,,,,,,,,,  ,,,FALSE,FALSE,FALSE,,
FALSE,,,,,,,,,,,,,,,  ,,,FALSE,FALSE,FALSE,,
FALSE,,,,,,,,,,,,,,,  ,,,FALSE,FALSE,FALSE,,
FALSE,,,,,,,,,,,,,,,  ,,,FALSE,FALSE,FALSE,,
FALSE,,,,,,,,,,,,,,,  ,,,FALSE,FALSE,FALSE,,
FALSE,,,,,,,,,,,,,,,  ,,,FALSE,FALSE,FALSE,,
FALSE,,,,,,,,,,,,,,,  ,,,FALSE,FALSE,FALSE,,
FALSE,,,,,,,,,,,,,,,  ,,,FALSE,FALSE,FALSE,,
FALSE,,,,,,,,,,,,,,,  ,,,FALSE,FALSE,FALSE,,
FALSE,,,,,,,,,,,,,,,  ,,,FALSE,FALSE,FALSE,,
FALSE,,,,,,,,,,,,,,,  ,,,FALSE,FALSE,FALSE,,
FALSE,,,,,,,,,,,,,,,  ,,,FALSE,FALSE,FALSE,,
FALSE,,,,,,,,,,,,,,,  ,,,FALSE,FALSE,FALSE,,
FALSE,,,,,,,,,,,,,,,  ,,,FALSE,FALSE,FALSE,,
FALSE,,,,,,,,,,,,,,,  ,,,FALSE,FALSE,FALSE,,
FALSE,,,,,,,,,,,,,,,  ,,,FALSE,FALSE,FALSE,,
FALSE,,,,,,,,,,,,,,,  ,,,FALSE,FALSE,FALSE,,
FALSE,,,,,,,,,,,,,,,  ,,,FALSE,FALSE,FALSE,,
FALSE,,,,,,,,,,,,,,,  ,,,FALSE,FALSE,FALSE,,
FALSE,,,,,,,,,,,,,,,  ,,,FALSE,FALSE,FALSE,,
FALSE,,,,,,,,,,,,,,,  ,,,FALSE,FALSE,FALSE,,
FALSE,,,,,,,,,,,,,,,  ,,,FALSE,FALSE,FALSE,,
FALSE,,,,,,,,,,,,,,,  ,,,FALSE,FALSE,FALSE,,
FALSE,,,,,,,,,,,,,,,  ,,,FALSE,FALSE,FALSE,,
FALSE,,,,,,,,,,,,,,,  ,,,FALSE,FALSE,FALSE,,
FALSE,,,,,,,,,,,,,,,  ,,,FALSE,FALSE,FALSE,,
FALSE,,,,,,,,,,,,,,,  ,,,FALSE,FALSE,FALSE,,
FALSE,,,,,,,,,,,,,,,  ,,,FALSE,FALSE,FALSE,,
FALSE,,,,,,,,,,,,,,,  ,,,FALSE,FALSE,FALSE,,
FALSE,,,,,,,,,,,,,,,  ,,,FALSE,FALSE,FALSE,,
FALSE,,,,,,,,,,,,,,,  ,,,FALSE,FALSE,FALSE,,
FALSE,,,,,,,,,,,,,,,  ,,,FALSE,FALSE,FALSE,,
FALSE,,,,,,,,,,,,,,,  ,,,FALSE,FALSE,FALSE,,
FALSE,,,,,,,,,,,,,,,  ,,,FALSE,FALSE,FALSE,,
FALSE,,,,,,,,,,,,,,,  ,,,FALSE,FALSE,FALSE,,
FALSE,,,,,,,,,,,,,,,  ,,,FALSE,FALSE,FALSE,,
FALSE,,,,,,,,,,,,,,,  ,,,FALSE,FALSE,FALSE,,
FALSE,,,,,,,,,,,,,,,  ,,,FALSE,FALSE,FALSE,,
FALSE,,,,,,,,,,,,,,,  ,,,FALSE,FALSE,FALSE,,
FALSE,,,,,,,,,,,,,,,  ,,,FALSE,FALSE,FALSE,,
FALSE,,,,,,,,,,,,,,,  ,,,FALSE,FALSE,FALSE,,
FALSE,,,,,,,,,,,,,,,  ,,,FALSE,FALSE,FALSE,,
FALSE,,,,,,,,,,,,,,,  ,,,FALSE,FALSE,FALSE,,
FALSE,,,,,,,,,,,,,,,  ,,,FALSE,FALSE,FALSE,,
FALSE,,,,,,,,,,,,,,,  ,,,FALSE,FALSE,FALSE,,
FALSE,,,,,,,,,,,,,,,  ,,,FALSE,FALSE,FALSE,,
FALSE,,,,,,,,,,,,,,,  ,,,FALSE,FALSE,FALSE,,
FALSE,,,,,,,,,,,,,,,  ,,,FALSE,FALSE,FALSE,,
FALSE,,,,,,,,,,,,,,,  ,,,FALSE,FALSE,FALSE,,
FALSE,,,,,,,,,,,,,,,  ,,,FALSE,FALSE,FALSE,,
FALSE,,,,,,,,,,,,,,,  ,,,FALSE,FALSE,FALSE,,
FALSE,,,,,,,,,,,,,,,  ,,,FALSE,FALSE,FALSE,,
FALSE,,,,,,,,,,,,,,,  ,,,FALSE,FALSE,FALSE,,
FALSE,,,,,,,,,,,,,,,  ,,,FALSE,FALSE,FALSE,,
FALSE,,,,,,,,,,,,,,,  ,,,FALSE,FALSE,FALSE,,
FALSE,,,,,,,,,,,,,,,  ,,,FALSE,FALSE,FALSE,,
FALSE,,,,,,,,,,,,,,,  ,,,FALSE,FALSE,FALSE,,
FALSE,,,,,,,,,,,,,,,  ,,,FALSE,FALSE,FALSE,,
FALSE,,,,,,,,,,,,,,,  ,,,FALSE,FALSE,FALSE,,
FALSE,,,,,,,,,,,,,,,  ,,,FALSE,FALSE,FALSE,,
FALSE,,,,,,,,,,,,,,,  ,,,FALSE,FALSE,FALSE,,
FALSE,,,,,,,,,,,,,,,  ,,,FALSE,FALSE,FALSE,,
FALSE,,,,,,,,,,,,,,,  ,,,FALSE,FALSE,FALSE,,
FALSE,,,,,,,,,,,,,,,  ,,,FALSE,FALSE,FALSE,,
FALSE,,,,,,,,,,,,,,,  ,,,FALSE,FALSE,FALSE,,
FALSE,,,,,,,,,,,,,,,  ,,,FALSE,FALSE,FALSE,,
FALSE,,,,,,,,,,,,,,,  ,,,FALSE,FALSE,FALSE,,
FALSE,,,,,,,,,,,,,,,  ,,,FALSE,FALSE,FALSE,,
FALSE,,,,,,,,,,,,,,,  ,,,FALSE,FALSE,FALSE,,
FALSE,,,,,,,,,,,,,,,  ,,,FALSE,FALSE,FALSE,,
FALSE,,,,,,,,,,,,,,,  ,,,FALSE,FALSE,FALSE,,
FALSE,,,,,,,,,,,,,,,  ,,,FALSE,FALSE,FALSE,,
FALSE,,,,,,,,,,,,,,,  ,,,FALSE,FALSE,FALSE,,
FALSE,,,,,,,,,,,,,,,  ,,,FALSE,FALSE,FALSE,,
FALSE,,,,,,,,,,,,,,,  ,,,FALSE,FALSE,FALSE,,
FALSE,,,,,,,,,,,,,,,  ,,,FALSE,FALSE,FALSE,,
FALSE,,,,,,,,,,,,,,,  ,,,FALSE,FALSE,FALSE,,
FALSE,,,,,,,,,,,,,,,  ,,,FALSE,FALSE,FALSE,,
FALSE,,,,,,,,,,,,,,,  ,,,FALSE,FALSE,FALSE,,
FALSE,,,,,,,,,,,,,,,  ,,,FALSE,FALSE,FALSE,,
FALSE,,,,,,,,,,,,,,,  ,,,FALSE,FALSE,FALSE,,
FALSE,,,,,,,,,,,,,,,  ,,,FALSE,FALSE,FALSE,,
FALSE,,,,,,,,,,,,,,,  ,,,FALSE,FALSE,FALSE,,
FALSE,,,,,,,,,,,,,,,  ,,,FALSE,FALSE,FALSE,,
FALSE,,,,,,,,,,,,,,,  ,,,FALSE,FALSE,FALSE,,
FALSE,,,,,,,,,,,,,,,  ,,,FALSE,FALSE,FALSE,,
FALSE,,,,,,,,,,,,,,,  ,,,FALSE,FALSE,FALSE,,
FALSE,,,,,,,,,,,,,,,  ,,,FALSE,FALSE,FALSE,,
FALSE,,,,,,,,,,,,,,,  ,,,FALSE,FALSE,FALSE,,
FALSE,,,,,,,,,,,,,,,  ,,,FALSE,FALSE,FALSE,,
FALSE,,,,,,,,,,,,,,,  ,,,FALSE,FALSE,FALSE,,
FALSE,,,,,,,,,,,,,,,  ,,,FALSE,FALSE,FALSE,,
FALSE,,,,,,,,,,,,,,,  ,,,FALSE,FALSE,FALSE,,
FALSE,,,,,,,,,,,,,,,  ,,,FALSE,FALSE,FALSE,,
FALSE,,,,,,,,,,,,,,,  ,,,FALSE,FALSE,FALSE,,
FALSE,,,,,,,,,,,,,,,  ,,,FALSE,FALSE,FALSE,,
FALSE,,,,,,,,,,,,,,,  ,,,FALSE,FALSE,FALSE,,
FALSE,,,,,,,,,,,,,,,  ,,,FALSE,FALSE,FALSE,,
FALSE,,,,,,,,,,,,,,,  ,,,FALSE,FALSE,FALSE,,
FALSE,,,,,,,,,,,,,,,  ,,,FALSE,FALSE,FALSE,,
FALSE,,,,,,,,,,,,,,,  ,,,FALSE,FALSE,FALSE,,
FALSE,,,,,,,,,,,,,,,  ,,,FALSE,FALSE,FALSE,,
FALSE,,,,,,,,,,,,,,,  ,,,FALSE,FALSE,FALSE,,
FALSE,,,,,,,,,,,,,,,  ,,,FALSE,FALSE,FALSE,,
FALSE,,,,,,,,,,,,,,,  ,,,FALSE,FALSE,FALSE,,
FALSE,,,,,,,,,,,,,,,  ,,,FALSE,FALSE,FALSE,,
FALSE,,,,,,,,,,,,,,,  ,,,FALSE,FALSE,FALSE,,
FALSE,,,,,,,,,,,,,,,  ,,,FALSE,FALSE,FALSE,,
FALSE,,,,,,,,,,,,,,,  ,,,FALSE,FALSE,FALSE,,
FALSE,,,,,,,,,,,,,,,  ,,,FALSE,FALSE,FALSE,,
FALSE,,,,,,,,,,,,,,,  ,,,FALSE,FALSE,FALSE,,
FALSE,,,,,,,,,,,,,,,  ,,,FALSE,FALSE,FALSE,,
FALSE,,,,,,,,,,,,,,,  ,,,FALSE,FALSE,FALSE,,
FALSE,,,,,,,,,,,,,,,  ,,,FALSE,FALSE,FALSE,,
FALSE,,,,,,,,,,,,,,,  ,,,FALSE,FALSE,FALSE,,
FALSE,,,,,,,,,,,,,,,  ,,,FALSE,FALSE,FALSE,,
FALSE,,,,,,,,,,,,,,,  ,,,FALSE,FALSE,FALSE,,
FALSE,,,,,,,,,,,,,,,  ,,,FALSE,FALSE,FALSE,,
FALSE,,,,,,,,,,,,,,,  ,,,FALSE,FALSE,FALSE,,
FALSE,,,,,,,,,,,,,,,  ,,,FALSE,FALSE,FALSE,,
FALSE,,,,,,,,,,,,,,,  ,,,FALSE,FALSE,FALSE,,
FALSE,,,,,,,,,,,,,,,  ,,,FALSE,FALSE,FALSE,,
FALSE,,,,,,,,,,,,,,,  ,,,FALSE,FALSE,FALSE,,
FALSE,,,,,,,,,,,,,,,  ,,,FALSE,FALSE,FALSE,,
FALSE,,,,,,,,,,,,,,,  ,,,FALSE,FALSE,FALSE,,
FALSE,,,,,,,,,,,,,,,  ,,,FALSE,FALSE,FALSE,,
FALSE,,,,,,,,,,,,,,,  ,,,FALSE,FALSE,FALSE,,
FALSE,,,,,,,,,,,,,,,  ,,,FALSE,FALSE,FALSE,,
FALSE,,,,,,,,,,,,,,,  ,,,FALSE,FALSE,FALSE,,
FALSE,,,,,,,,,,,,,,,  ,,,FALSE,FALSE,FALSE,,
FALSE,,,,,,,,,,,,,,,  ,,,FALSE,FALSE,FALSE,,
FALSE,,,,,,,,,,,,,,,  ,,,FALSE,FALSE,FALSE,,
FALSE,,,,,,,,,,,,,,,  ,,,FALSE,FALSE,FALSE,,
FALSE,,,,,,,,,,,,,,,  ,,,FALSE,FALSE,FALSE,,
FALSE,,,,,,,,,,,,,,,  ,,,FALSE,FALSE,FALSE,,
FALSE,,,,,,,,,,,,,,,  ,,,FALSE,FALSE,FALSE,,
FALSE,,,,,,,,,,,,,,,  ,,,FALSE,FALSE,FALSE,,
FALSE,,,,,,,,,,,,,,,  ,,,FALSE,FALSE,FALSE,,
FALSE,,,,,,,,,,,,,,,  ,,,FALSE,FALSE,FALSE,,
FALSE,,,,,,,,,,,,,,,  ,,,FALSE,FALSE,FALSE,,
FALSE,,,,,,,,,,,,,,,  ,,,FALSE,FALSE,FALSE,,
FALSE,,,,,,,,,,,,,,,  ,,,FALSE,FALSE,FALSE,,
FALSE,,,,,,,,,,,,,,,  ,,,FALSE,FALSE,FALSE,,
FALSE,,,,,,,,,,,,,,,  ,,,FALSE,FALSE,FALSE,,
FALSE,,,,,,,,,,,,,,,  ,,,FALSE,FALSE,FALSE,,
FALSE,,,,,,,,,,,,,,,  ,,,FALSE,FALSE,FALSE,,
FALSE,,,,,,,,,,,,,,,  ,,,FALSE,FALSE,FALSE,,
FALSE,,,,,,,,,,,,,,,  ,,,FALSE,FALSE,FALSE,,
FALSE,,,,,,,,,,,,,,,  ,,,FALSE,FALSE,FALSE,,
FALSE,,,,,,,,,,,,,,,  ,,,FALSE,FALSE,FALSE,,
FALSE,,,,,,,,,,,,,,,  ,,,FALSE,FALSE,FALSE,,
FALSE,,,,,,,,,,,,,,,  ,,,FALSE,FALSE,FALSE,,
FALSE,,,,,,,,,,,,,,,  ,,,FALSE,FALSE,FALSE,,
FALSE,,,,,,,,,,,,,,,  ,,,FALSE,FALSE,FALSE,,
FALSE,,,,,,,,,,,,,,,  ,,,FALSE,FALSE,FALSE,,
FALSE,,,,,,,,,,,,,,,  ,,,FALSE,FALSE,FALSE,,
FALSE,,,,,,,,,,,,,,,  ,,,FALSE,FALSE,FALSE,,
FALSE,,,,,,,,,,,,,,,  ,,,FALSE,FALSE,FALSE,,
FALSE,,,,,,,,,,,,,,,  ,,,FALSE,FALSE,FALSE,,
FALSE,,,,,,,,,,,,,,,  ,,,FALSE,FALSE,FALSE,,
FALSE,,,,,,,,,,,,,,,  ,,,FALSE,FALSE,FALSE,,
FALSE,,,,,,,,,,,,,,,  ,,,FALSE,FALSE,FALSE,,
FALSE,,,,,,,,,,,,,,,  ,,,FALSE,FALSE,FALSE,,
FALSE,,,,,,,,,,,,,,,  ,,,FALSE,FALSE,FALSE,,
FALSE,,,,,,,,,,,,,,,  ,,,FALSE,FALSE,FALSE,,
FALSE,,,,,,,,,,,,,,,  ,,,FALSE,FALSE,FALSE,,
FALSE,,,,,,,,,,,,,,,  ,,,FALSE,FALSE,FALSE,,
FALSE,,,,,,,,,,,,,,,  ,,,FALSE,FALSE,FALSE,,
FALSE,,,,,,,,,,,,,,,  ,,,FALSE,FALSE,FALSE,,
FALSE,,,,,,,,,,,,,,,  ,,,FALSE,FALSE,FALSE,,
FALSE,,,,,,,,,,,,,,,  ,,,FALSE,FALSE,FALSE,,
FALSE,,,,,,,,,,,,,,,  ,,,FALSE,FALSE,FALSE,,
FALSE,,,,,,,,,,,,,,,  ,,,FALSE,FALSE,FALSE,,
FALSE,,,,,,,,,,,,,,,  ,,,FALSE,FALSE,FALSE,,
FALSE,,,,,,,,,,,,,,,  ,,,FALSE,FALSE,FALSE,,
FALSE,,,,,,,,,,,,,,,  ,,,FALSE,FALSE,FALSE,,
FALSE,,,,,,,,,,,,,,,  ,,,FALSE,FALSE,FALSE,,
FALSE,,,,,,,,,,,,,,,  ,,,FALSE,FALSE,FALSE,,
FALSE,,,,,,,,,,,,,,,  ,,,FALSE,FALSE,FALSE,,
FALSE,,,,,,,,,,,,,,,  ,,,FALSE,FALSE,FALSE,,
FALSE,,,,,,,,,,,,,,,  ,,,FALSE,FALSE,FALSE,,
FALSE,,,,,,,,,,,,,,,  ,,,FALSE,FALSE,FALSE,,
FALSE,,,,,,,,,,,,,,,  ,,,FALSE,FALSE,FALSE,,
FALSE,,,,,,,,,,,,,,,  ,,,FALSE,FALSE,FALSE,,
FALSE,,,,,,,,,,,,,,,  ,,,FALSE,FALSE,FALSE,,
FALSE,,,,,,,,,,,,,,,  ,,,FALSE,FALSE,FALSE,,
FALSE,,,,,,,,,,,,,,,  ,,,FALSE,FALSE,FALSE,,
FALSE,,,,,,,,,,,,,,,  ,,,FALSE,FALSE,FALSE,,
FALSE,,,,,,,,,,,,,,,  ,,,FALSE,FALSE,FALSE,,
FALSE,,,,,,,,,,,,,,,  ,,,FALSE,FALSE,FALSE,,
FALSE,,,,,,,,,,,,,,,  ,,,FALSE,FALSE,FALSE,,
FALSE,,,,,,,,,,,,,,,  ,,,FALSE,FALSE,FALSE,,
FALSE,,,,,,,,,,,,,,,  ,,,FALSE,FALSE,FALSE,,
FALSE,,,,,,,,,,,,,,,  ,,,FALSE,FALSE,FALSE,,
FALSE,,,,,,,,,,,,,,,  ,,,FALSE,FALSE,FALSE,,
FALSE,,,,,,,,,,,,,,,  ,,,FALSE,FALSE,FALSE,,
FALSE,,,,,,,,,,,,,,,  ,,,FALSE,FALSE,FALSE,,
FALSE,,,,,,,,,,,,,,,  ,,,FALSE,FALSE,FALSE,,
FALSE,,,,,,,,,,,,,,,  ,,,FALSE,FALSE,FALSE,,
FALSE,,,,,,,,,,,,,,,  ,,,FALSE,FALSE,FALSE,,
FALSE,,,,,,,,,,,,,,,  ,,,FALSE,FALSE,FALSE,,
FALSE,,,,,,,,,,,,,,,  ,,,FALSE,FALSE,FALSE,,
FALSE,,,,,,,,,,,,,,,  ,,,FALSE,FALSE,FALSE,,
FALSE,,,,,,,,,,,,,,,  ,,,FALSE,FALSE,FALSE,,
FALSE,,,,,,,,,,,,,,,  ,,,FALSE,FALSE,FALSE,,
FALSE,,,,,,,,,,,,,,,  ,,,FALSE,FALSE,FALSE,,
FALSE,,,,,,,,,,,,,,,  ,,,FALSE,FALSE,FALSE,,
FALSE,,,,,,,,,,,,,,,  ,,,FALSE,FALSE,FALSE,,
FALSE,,,,,,,,,,,,,,,  ,,,FALSE,FALSE,FALSE,,
FALSE,,,,,,,,,,,,,,,  ,,,FALSE,FALSE,FALSE,,
FALSE,,,,,,,,,,,,,,,  ,,,FALSE,FALSE,FALSE,,
FALSE,,,,,,,,,,,,,,,  ,,,FALSE,FALSE,FALSE,,
FALSE,,,,,,,,,,,,,,,  ,,,FALSE,FALSE,FALSE,,
FALSE,,,,,,,,,,,,,,,  ,,,FALSE,FALSE,FALSE,,
FALSE,,,,,,,,,,,,,,,  ,,,FALSE,FALSE,FALSE,,
FALSE,,,,,,,,,,,,,,,  ,,,FALSE,FALSE,FALSE,,
FALSE,,,,,,,,,,,,,,,  ,,,FALSE,FALSE,FALSE,,
FALSE,,,,,,,,,,,,,,,  ,,,FALSE,FALSE,FALSE,,
FALSE,,,,,,,,,,,,,,,  ,,,FALSE,FALSE,FALSE,,
FALSE,,,,,,,,,,,,,,,  ,,,FALSE,FALSE,FALSE,,
FALSE,,,,,,,,,,,,,,,  ,,,FALSE,FALSE,FALSE,,
FALSE,,,,,,,,,,,,,,,  ,,,FALSE,FALSE,FALSE,,
FALSE,,,,,,,,,,,,,,,  ,,,FALSE,FALSE,FALSE,,
FALSE,,,,,,,,,,,,,,,  ,,,FALSE,FALSE,FALSE,,
FALSE,,,,,,,,,,,,,,,  ,,,FALSE,FALSE,FALSE,,
FALSE,,,,,,,,,,,,,,,  ,,,FALSE,FALSE,FALSE,,
FALSE,,,,,,,,,,,,,,,  ,,,FALSE,FALSE,FALSE,,
FALSE,,,,,,,,,,,,,,,  ,,,FALSE,FALSE,FALSE,,
FALSE,,,,,,,,,,,,,,,  ,,,FALSE,FALSE,FALSE,,
FALSE,,,,,,,,,,,,,,,  ,,,FALSE,FALSE,FALSE,,
FALSE,,,,,,,,,,,,,,,  ,,,FALSE,FALSE,FALSE,,
FALSE,,,,,,,,,,,,,,,  ,,,FALSE,FALSE,FALSE,,
FALSE,,,,,,,,,,,,,,,  ,,,FALSE,FALSE,FALSE,,
FALSE,,,,,,,,,,,,,,,  ,,,FALSE,FALSE,FALSE,,
FALSE,,,,,,,,,,,,,,,  ,,,FALSE,FALSE,FALSE,,
FALSE,,,,,,,,,,,,,,,  ,,,FALSE,FALSE,FALSE,,
FALSE,,,,,,,,,,,,,,,  ,,,FALSE,FALSE,FALSE,,
FALSE,,,,,,,,,,,,,,,  ,,,FALSE,FALSE,FALSE,,
FALSE,,,,,,,,,,,,,,,  ,,,FALSE,FALSE,FALSE,,
FALSE,,,,,,,,,,,,,,,  ,,,FALSE,FALSE,FALSE,,
FALSE,,,,,,,,,,,,,,,  ,,,FALSE,FALSE,FALSE,,
FALSE,,,,,,,,,,,,,,,  ,,,FALSE,FALSE,FALSE,,
FALSE,,,,,,,,,,,,,,,  ,,,FALSE,FALSE,FALSE,,